"id_str","full_text","text_clean","label"
"1.86734870833527E+018","Gelar Makan Bergizi Gratis, HNSI Siap Berkolaborasi dengan Pemerintah

https://t.co/DoW1PZ0cZ6","gelar makan bergizi gratis hnsi siap berkolaborasi dengan pemerintah","0"
"1.86794128694442E+018","#SahabatBahari berikut keseruan dari pelaksanaan Makan Bergizi Gratis yang dilaksanakan BRPBAP3 Maros. Para siswa juga menyampaikan rasa terima kasih atas adanya kegiatan Makan Bergizi Gratis ini. 
https://t.co/HshYoYnDzx","sahabatbahari berikut keseruan dari pelaksanaan makan bergizi gratis yang dilaksanakan brpbap maros para siswa juga menyampaikan rasa terima kasih atas adanya kegiatan makan bergizi gratis ini","0"
"1.86745188812132E+018","""Memang Rp 10 ribu, Rp 15 ribu, itu semua cukup kalau misalnya kita berikan sesuai porsi,"" ujar Kepala Bapanas Arief yang yakin harga satuan porsi program makan bergizi gratis cukup. https://t.co/lKfuQXItaV","memang rp ribu rp ribu itu semua cukup kalau misalnya kita berikan sesuai porsi ujar kepala bapanas arief yang yakin harga satuan porsi program makan bergizi gratis cukup","0"
"1.86725772222131E+018","Presiden ke-5 RI, Megawati Soekarnoputri menyinggung program Makan Bergizi Gratis (MBG) yang digagas Presiden Prabowo Subianto. Dia setuju dengan program itu, namun meminta Prabowo untuk menghitung lagi harga Rp 10 ribu per menu untuk program itu.

""Kuhitung Rp 10 ribu toh apa https://t.co/WlEGKpjErW","presiden ke ri megawati soekarnoputri menyinggung program makan bergizi gratis mbg yang digagas presiden prabowo subianto dia setuju dengan program itu namun meminta prabowo untuk menghitung lagi harga rp ribu per menu untuk program itu kuhitung rp ribu toh apa","1"
"1.86737935127437E+018","Rayakan HUT ke -19, Bakamla Zona Barat Beri Makan Bergizi Gratis kepada Murid SD di Sagulung

https://t.co/CkaGKXIzjZ","rayakan hut ke bakamla zona barat beri makan bergizi gratis kepada murid sd di sagulung","0"
"1.86749306640556E+018","#SahabatBahari Program Makan Bergizi Gratis (MBG) hadir sebagai salah satu upaya untuk memastikan akses gizi sehat bagi anak-anak usia dini hingga pendidikan dasar di berbagai daerah di Indonesia. 

Program ini dilaksanakan oleh lembaga koperasi yang dibina oleh Ditjen Jenderal https://t.co/kQ29Yoz6Bf","sahabatbahari program makan bergizi gratis mbg hadir sebagai salah satu upaya untuk memastikan akses gizi sehat bagi anakanak usia dini hingga pendidikan dasar di berbagai daerah di indonesia program ini dilaksanakan oleh lembaga koperasi yang dibina oleh ditjen jenderal","0"
"1.867122589078E+018","Lanud Adi Soemarmo Uji Coba Memasak Guna Mendukung Program Makan Bergizi Gratis

Untuk mendukung dan mensukseskan progam pemerintah makan bergizi gratis, Pangkalan TNI Angkatan Udara (Lanud) Adi Soemarmo uji coba memasak guna mendukung program makan bergizi gratis bertempat di https://t.co/SHefCyAETz","lanud adi soemarmo uji coba memasak guna mendukung program makan bergizi gratis untuk mendukung dan mensukseskan progam pemerintah makan bergizi gratis pangkalan tni angkatan udara lanud adi soemarmo uji coba memasak guna mendukung program makan bergizi gratis bertempat di","0"
"1.86774927403904E+018","Soal Program Makan Bergizi Gratis, Senator Ahmad Syauqi Soeratno Serap Aspirasi Masyarakat DIY https://t.co/Nmp9jQwNvt https://t.co/SYvXASe4Bt","soal program makan bergizi gratis senator ahmad syauqi soeratno serap aspirasi masyarakat diy","0"
"1.86788804590058E+018","DKP Maluku bagikan 1.121 paket makan bergizi gratis pada siswa SD. 
https://t.co/qJXqOCTHgW","dkp maluku bagikan paket makan bergizi gratis pada siswa sd","0"
"1.86745681800146E+018","Lewat Pembiayaan dan Pemberdayaan, BRI Sukseskan Program Makan Bergizi Gratis https://t.co/Ar7mWG887d lewat @Keuangan News","lewat pembiayaan dan pemberdayaan bri sukseskan program makan bergizi gratis lewat news","0"
"1.86739276583297E+018","Ketua Umum PDIP, Megawati Soekarnoputri, menegaskan secara prinsip, dirinya mendukung dan setuju dengan program unggulan Presiden @prabowo, Makan Bergizi Gratis (MBG).

Kendati setuju dengan program ini, Megawati menilai perencanaan program makan bergizi gratis itu perlu https://t.co/HO08uWYtl4","ketua umum pdip megawati soekarnoputri menegaskan secara prinsip dirinya mendukung dan setuju dengan program unggulan presiden makan bergizi gratis mbg kendati setuju dengan program ini megawati menilai perencanaan program makan bergizi gratis itu perlu","0"
"1.86742585041059E+018","Makan Bergizi Gratis 

Program Pemerintah Pak Prabowo Subianto - Gibran Rakabuming Raka, banyak yg sensi soal ini. Beli bahan d pasar atau masyarakat tentu menumbuhkan daya beli, orang nganggur bisa kerja tentu mengurangi pengangguran.. https://t.co/WW7fU1SaTU","makan bergizi gratis program pemerintah pak prabowo subianto gibran rakabuming raka banyak yang sensi soal ini beli bahan di pasar atau masyarakat tentu menumbuhkan daya beli orang nganggur bisa kerja tentu mengurangi pengangguran","0"
"1.86712976564967E+018","Megawati sebut anggaran Rp 10.000 untuk makan bergizi gratis tidak cukup. Ia pun sampaikan pesan ke Presiden Prabowo agar meninjau kembali anggaran tersebut. https://t.co/nIIuBQcpQC","megawati sebut anggaran rp untuk makan bergizi gratis tidak cukup ia pun sampaikan pesan ke presiden prabowo agar meninjau kembali anggaran tersebut","0"
"1.86607280103741E+018","Wamendes PDT, Riza Patria, menginstruksikan jajarannya untuk memastikan pasokan bahan baku terpenuhi untuk program makan bergizi gratis di desa. https://t.co/HujK1ibE56","wamendes pdt riza patria menginstruksikan jajarannya untuk memastikan pasokan bahan baku terpenuhi untuk program makan bergizi gratis di desa","0"
"1.86749488751782E+018","Kantor Komunikasi Presiden Tinjau Uji Coba Makan Bergizi Gratis untuk 3.018 Siswa di Bogor
https://t.co/1WcncV5p0N","kantor komunikasi presiden tinjau uji coba makan bergizi gratis untuk siswa di bogor","0"
"1.86713226099207E+018","AKHIRNYA MEGAWATI BENAR BENAR DUKUNG PROGRAM MAKAN SIANG BERGIZI GRATIS 

Hal ini disampaikan saat menjadi pembicara kunci pada Peluncuran dan Diskusi Buku Berjudul: Pilpres 2024 Antara Hukum, Etika, dan Pertimbangan Psikologis di Jakarta, Kamis 12/12/2024

Pertanda apakah ini ? https://t.co/xZhRrRgRjY","akhirnya megawati benar benar dukung program makan siang bergizi gratis hal ini disampaikan saat menjadi pembicara kunci pada peluncuran dan diskusi buku berjudul pilpres antara hukum etika dan pertimbangan psikologis di jakarta kamis pertanda apakah ini","0"
"1.86749447373296E+018","Fakultas Vokasi Universitas Negeri Yogyakarta (UNY) mengaku kesulitan menghidangkan makanan bergizi senilai Rp10.000 dalam program nasional makan bergizi gratis. #makanbergizigratis","fakultas vokasi universitas negeri yogyakarta uny mengaku kesulitan menghidangkan makanan bergizi senilai rp dalam program nasional makan bergizi gratis makanbergizigratis","0"
"1.86610318706709E+018","Simulasi program makan bergizi gratis tak berjalan mulus. Kualitas menu dipertanyakan banyak pihak.

https://t.co/wTsaaEDv12","simulasi program makan bergizi gratis tak berjalan mulus kualitas menu dipertanyakan banyak pihak","0"
"1.86786462418567E+018","KAWAL KETAT JENDERAL..! Dr. Widjaja Lukito Sebut Rp 10.000/Porsi Relatif Cukup Untuk Makan Bergizi Gratis: Asal Jangan Dikorup Lagi! https://t.co/r2WCRsxYb1 lewat @BERGELORA.COM https://t.co/XdnquPvBu5","kawal ketat jenderal dr widjaja lukito sebut rp porsi relatif cukup untuk makan bergizi gratis asal jangan dikorup lagi lewat com","0"
"1.86785869808295E+018","Gus Menko â¦@cakimiNOWâ© merespons usulan Ketum PDIP Megawati untuk Presiden Prabowo Subianto mengkaji kembali anggaran makan bergizi gratis senilai Rp 10.000/porsi.

 https://t.co/TVgT0WXBL3","gus menko merespons usulan ketum pdip megawati untuk presiden prabowo subianto mengkaji kembali anggaran makan bergizi gratis senilai rp porsi","0"
"1.86607751007901E+018","Kantor Komunikasi Kepresidenan meninjau uji coba makan bergizi gratis dari SPPG Tanah Sareal, Bogor. Menggunakan boks berbahan stainless steel, makanan itu berisi ayam hingga pisang. https://t.co/Cp2P0rHwmS","kantor komunikasi kepresidenan meninjau uji coba makan bergizi gratis dari sppg tanah sareal bogor menggunakan boks berbahan stainless steel makanan itu berisi ayam hingga pisang","0"
"1.86786460753824E+018","Wali Kota Pekanbaru Pastikan Makan Bergizi Gratis Berjalan Maksimal di Tahun 2025
https://t.co/GFKbIkMm5M","wali kota pekanbaru pastikan makan bergizi gratis berjalan maksimal di tahun","0"
"1.86742717995887E+018","Wapres Gibran Rakabuming hadir di Konferensi Besar Fatayat NU 2024 di Menteng Jakpus, Jumat (13/12/24). Ia meminta Fatayat NU ikut mengawal Program Kabinet Merah Putih, seperti makan bergizi gratis &amp; ikut mendeteksi dini kekerasan pd perempuan &amp; anak

#LiputanSonora by @Miroliaa https://t.co/4hYnWM2WyQ","wapres gibran rakabuming hadir di konferensi besar fatayat nu di menteng jakpus jumat ia meminta fatayat nu ikut mengawal program kabinet merah putih seperti makan bergizi gratis amp ikut mendeteksi dini kekerasan pada perempuan amp anak liputansonora by","0"
"1.86789984003152E+018","Megawati Soroti Makan Bergizi Gratis, Pramono Anung Jawab Begini

https://t.co/wDXLGvmggH","megawati soroti makan bergizi gratis pramono anung jawab begini","0"
"1.86788940636083E+018","Uji coba Program Makan Bergizi Gratis (MBG) yang dicanangkan Presiden Prabowo Subianto mendapat sambutan positif dari sekolah, siswa, dan orang tua. Secara umum, mereka ingin Program Makan Bergizi Gratis dilaksanakan secara berkelanjutan.

Respons masyarakat yang merasakan https://t.co/3LeC9tMeaa","uji coba program makan bergizi gratis mbg yang dicanangkan presiden prabowo subianto mendapat sambutan positif dari sekolah siswa dan orang tua secara umum mereka ingin program makan bergizi gratis dilaksanakan secara berkelanjutan respons masyarakat yang merasakan","0"
"1.86599805846053E+018","Istana meninjau kesiapan program makan bergizi gratis di Tanah Sareal, Bogor. Program makan bergizi gratis ini akan diberikan ke 3.018 siswa di 15 sekolah. https://t.co/wtNOsVHsNT","istana meninjau kesiapan program makan bergizi gratis di tanah sareal bogor program makan bergizi gratis ini akan diberikan ke siswa di sekolah","0"
"1.86748142297152E+018","Pakai Cara Ini, BRI Siap Sukseskan Program Makan Bergizi Gratis
https://t.co/2R64QYjZd9","pakai cara ini bri siap sukseskan program makan bergizi gratis","0"
"1.86736039459315E+018","Megawati Soekarnoputri mengomentari program Presiden Prabowo Subianto yakni makan bergizi gratis (MGB) yang digagas bersama Wakil Presiden Gibran, putra sulung eks presiden Jokowi. Menurut Mega, anggaran program itu perlu ditinjau lagi
.
Eks presiden kelima RI, Megawati, mengaku https://t.co/uEoAcLleZt","megawati soekarnoputri mengomentari program presiden prabowo subianto yakni makan bergizi gratis mgb yang digagas bersama wakil presiden gibran putra sulung eks presiden jokowi menurut mega anggaran program itu perlu ditinjau lagi eks presiden kelima ri megawati mengaku","0"
"1.86709973197092E+018","Megawati Mendukung Program Makan Bergizi Gratis Presiden Prabowo

Ketua Umum PDI Perjuangan Megawati Soekarnoputri mengaku dirinya mendukung salah satu program Presiden Prabowo Subianto yakni makan bergizi gratis (MBG).

""Katanya mau kasih makanan gratis, setuju saya, beneran,"" https://t.co/dGqgFonszj","megawati mendukung program makan bergizi gratis presiden prabowo ketua umum pdi perjuangan megawati soekarnoputri mengaku dirinya mendukung salah satu program presiden prabowo subianto yakni makan bergizi gratis mbg katanya mau kasih makanan gratis setuju saya benaran","1"
"1.86749875475E+018","Makan Bergizi Gratis Prabowo
Cuma Rp10 Ribu,
Megawati: Dapete Opo Tho Yo ?
.
https://t.co/ke5xQBXvEf
.. https://t.co/YmijxNcRW4","makan bergizi gratis prabowo cuma rp ribu megawati dapete opo tho yo","1"
"1.86713585510345E+018","Megawati Dukung Program Makan Bergizi Gratis
https://t.co/RIEKrNsq11","megawati dukung program makan bergizi gratis","0"
"1.86755506948424E+018","Wapres Gibran Ajak Fatayat NU Dukung Program Makan Bergizi Gratis
https://t.co/CzQmqMRyE1","wapres gibran ajak fatayat nu dukung program makan bergizi gratis","0"
"1.86422059653759E+018","Presiden Prabowo bercerita dia diejek dan ditertawakan saat membeberkan programnya menghilangkan korupsi dan kemiskinan hingga makan bergizi gratis. Ia bahkan dapat ancaman. https://t.co/np1EmCnTTT","presiden prabowo bercerita dia diejek dan ditertawakan saat membeberkan programnya menghilangkan korupsi dan kemiskinan hingga makan bergizi gratis ia bahkan dapat ancaman","0"
"1.86779454261706E+018","Iskandar menyatakan anggaran program makan bergizi gratis senilai Rp 10.000 per porsi adalah perhitungan minimal yang digunakan sebagai dasar awal implementasi program tersebut.

~N #Megawati #MakanBergiziGratis #MuhaiminIskandar 
https://t.co/0A24D2468P","iskandar menyatakan anggaran program makan bergizi gratis senilai rp per porsi adalah perhitungan minimal yang digunakan sebagai dasar awal implementasi program tersebut n megawati makanbergizigratis muhaiminiskandar","0"
"1.86754847095519E+018","Perdebatan soal makan bergizi gratis Rp10 ribu makin panas. Megawati dengan tegas meminta hitungan ulang, mengkhawatirkan dampak kenaikan harga bagi rakyat. Namun, Kepala Bapanas dan Badan Gizi yakin, jika dihitung sesuai porsi, anggaran ini masih cukup. 

#garudatv #laporan8 https://t.co/Gw339BHyeq","perdebatan soal makan bergizi gratis rp ribu makin panas megawati dengan tegas meminta hitungan ulang mengkhawatirkan dampak kenaikan harga bagi rakyat namun kepala bapanas dan badan gizi yakin jika dihitung sesuai porsi anggaran ini masih cukup garudatv laporan","0"
"1.86744971269949E+018","Presiden Prabowo : dunia kembali gelap

benar pak episode geopolitik berlanjut ke episode geo strategis 
rupiah pun tembus 16k per $1

segerakan makan bergizi gratis lumayan utk mendongkrak pendapatan kotor domestik https://t.co/PbfPKh9X7B","presiden prabowo dunia kembali gelap benar pak episode geopolitik berlanjut ke episode geo strategis rupiah pun tembus ke per segerakan makan bergizi gratis lumayan untuk mendongkrak pendapatan kotor domestik","1"
"1.86751983561551E+018","Dukung Program Pemerintah, KSAU Tinjau Uji Coba Program Makan Bergizi Gratis di Colomadu

https://t.co/Dxi9xUwLEH","dukung program pemerintah ksau tinjau uji coba program makan bergizi gratis di colomadu","0"
"1.86787216821162E+018","Ketum PDIP Megawati Soekarnoputri mengkritik anggaran Rp 10 ribu per porsi makan bergizi gratis. Cagub Jakarta, Pramono Anung, menanggapi kritik Megawati. https://t.co/zkJvYhFFeP","ketum pdip megawati soekarnoputri mengkritik anggaran rp ribu per porsi makan bergizi gratis cagub jakarta pramono anung menanggapi kritik megawati","0"
"1.86779724840459E+018","Pramono Anung menolak untuk memberikan komentar mengenai kritik, Megawati Soekarnoputri, terkait anggaran program makan bergizi gratis yang disiapkan pemerintah, yang hanya sebesar Rp 10.000 per porsi. //MN

#PramonoAnung #Megawati #MakanBergiziGratis
 
https://t.co/EX31PmQWEX","pramono anung menolak untuk memberikan komentar mengenai kritik megawati soekarnoputri terkait anggaran program makan bergizi gratis yang disiapkan pemerintah yang hanya sebesar rp per porsi mn pramonoanung megawati makanbergizigratis","0"
"1.86715278652757E+018","Megawati Dukung Program Makan Bergizi Gratis Prabowo, tapi Porsinya Dinaikkan 
@prabowo @PDI_Perjuangan 

https://t.co/6BjM1zCYPb 
#megawatisoekarnoputri #presidenprabowo #pdip #pdiperjuangan #makanbergizigratis #programprabowo https://t.co/AiD5H7y3cN","megawati dukung program makan bergizi gratis prabowo tapi porsinya dinaikkan megawatisoekarnoputri presidenprabowo pdip pdiperjuangan makanbergizigratis programprabowo","0"
"1.86644970436993E+018","Bank Mandiri Genjot KUR untuk Sektor Pangan, Dukung Ekonomi Kerakyatan dan Program Makan Bergizi Gratis https://t.co/iMXxewHLbL lewat @Keuangan News","bank mandiri genjot kur untuk sektor pangan dukung ekonomi kerakyatan dan program makan bergizi gratis lewat news","0"
"1.86711261004027E+018","Megawati Kritisi Makan Bergizi Gratis Prabowo: Rp10.000 Apa Ya Cukup?
https://t.co/j1pGoiAQi2","megawati kritisi makan bergizi gratis prabowo rp apa ya cukup","1"
"1.8671102314211E+018","Kritik Makan Bergizi Gratis Cuma Rp10 Ribu, Megawati: Dapete Opo Tho Yo?
https://t.co/vqbM6yKl7n","kritik makan bergizi gratis cuma rp ribu megawati dapete opo tho yo","1"
"1.86701173251162E+018","Duta Besar Prancis untuk Indonesia, Fabien Penone, menyatakan dukungannya terhadap program makan bergizi gratis di sekolah-sekolah yang menjadi salah satu program unggulan Presiden Prabowo Subianto.
#newsupdate #update #news #oneliner https://t.co/JSqf6CeOAT","duta besar prancis untuk indonesia fabien penone menyatakan dukungannya terhadap program makan bergizi gratis di sekolahsekolah yang menjadi salah satu program unggulan presiden prabowo subianto newsupdate update news oneliner","0"
"1.86711829913548E+018","Presiden ke-5 RI Megawati Soekarnoputri mendukung program makan bergizi gratis yang bakal dilaksanakan pemerintahan Presiden Prabowo Subianto. 

Meski begitu, Megawati menyoroti anggaran program makan bergizi gratis yang disiapkan pemerintah, yakni Rp 10.000 per porsi.

Hal itu https://t.co/imJs440tQZ","presiden ke ri megawati soekarnoputri mendukung program makan bergizi gratis yang bakal dilaksanakan pemerintahan presiden prabowo subianto meski begitu megawati menyoroti anggaran program makan bergizi gratis yang disiapkan pemerintah yakni rp per porsi hal itu","0"
"1.86704827991104E+018","Kementerian Pertanian melalui Direktorat Jenderal Peternakan dan Kesehatan Hewan mengungkapkan 211 perusahaan berkomitmen untuk mengimpor sapi perah dan sapi pedaging untuk mendukung Program Makan Bergizi Gratis (MBG).
https://t.co/mqeJCX2XN2","kementerian pertanian melalui direktorat jenderal peternakan dan kesehatan hewan mengungkapkan perusahaan berkomitmen untuk mengimpor sapi perah dan sapi pedaging untuk mendukung program makan bergizi gratis mbg","0"
"1.86673153417636E+018","Wakil Presiden RI Gibran Rakabuming Raka memastikan program makan bergizi gratis tidak hanya diterapkan di sekolah dan ibu hamil namun juga akan diterapkan di pondok pesantren// Gibran menyatakan pentingnya kebutuhan gizi para santri terpenuhi. Khususnya, karena mereka tak https://t.co/zSa2h2VqTo","wakil presiden ri gibran rakabuming raka memastikan program makan bergizi gratis tidak hanya diterapkan di sekolah dan ibu hamil namun juga akan diterapkan di pondok pesantren gibran menyatakan pentingnya kebutuhan gizi para santri terpenuhi khususnya karena mereka tak","0"
"1.86755507427837E+018","Wapres Gibran Ajak Fatayat NU Dukung Program Makan Bergizi Gratis
https://t.co/wPr4IBrEyc","wapres gibran ajak fatayat nu dukung program makan bergizi gratis","0"
"1.86710673235213E+018","Bima Arya Tinjau Uji Coba Program Makan Siang Bergizi Gratis di Medan
https://t.co/C2Ll9TmWg1","bima arya tinjau uji coba program makan siang bergizi gratis di medan","0"
"1.86598849523349E+018","Program Makan Bergizi Gratis akan mulai dilaksanakan. Pakar ini menyebut pemerintah harus memperhatikan kesesuaian menu dengan keperluan tiap siswa.

Via @detik_edu  https://t.co/HYxys4av4B","program makan bergizi gratis akan mulai dilaksanakan pakar ini menyebut pemerintah harus memperhatikan kesesuaian menu dengan keperluan tiap siswa via","0"
"1.86490510712239E+018","Untuk menyalurkan makan bergizi gratis Pemerintah akan membentuk satuan layanan. HNW pun mendorong Pesantren diberi kepercayaan membentuk satuan layanan.

https://t.co/ERpbPdW6mc","untuk menyalurkan makan bergizi gratis pemerintah akan membentuk satuan layanan hnw pun mendorong pesantren diberi kepercayaan membentuk satuan layanan","0"
"1.86382146636368E+018","Kepala Badan Gizi Nasional, Dadan Hindayana, menyebut rata-rata anggaran makan bergizi gratis Rp 10 ribu per porsi.  https://t.co/kJFeZZpWMB","kepala badan gizi nasional dadan hindayana menyebut ratarata anggaran makan bergizi gratis rp ribu per porsi","0"
"1.86786561431829E+018","Ketua Umum Dewan Pimpinan Nasional HKTI, Fadli Zon mendorong HKTI Jabar menjadi lumbung padi untuk mendukung program makan bergizi gratis, Sabtu (14/12). ð¥Buh
#BeritaElshinta https://t.co/onBfhGMJfG","ketua umum dewan pimpinan nasional hkti fadli zon mendorong hkti jabar menjadi lumbung padi untuk mendukung program makan bergizi gratis sabtu buh beritaelshinta","0"
"1.86753640431588E+018","Pj Wali Kota Probolinggo Sebut Makan Bergizi Gratis Terealisasi di Tahun 2025 #BNetwork 
https://t.co/91iAIqBw6m","pj wali kota probolinggo sebut makan bergizi gratis terealisasi di tahun bnetwork","0"
"1.86793791945068E+018","Lewat Pembiayaan dan Pemberdayaan, BRI Sukseskan Program Makan Bergizi Gratis
https://t.co/NTvDThNWXD","lewat pembiayaan dan pemberdayaan bri sukseskan program makan bergizi gratis","0"
"1.86753130881114E+018","""Pemprov Kepri akan berupaya maksimal agar program Makan Bergizi Gratis ini dapat terlaksana dengan baik,"" kata Ansar. 
https://t.co/GicdidUvuf","pemprov kepri akan berupaya maksimal agar program makan bergizi gratis ini dapat terlaksana dengan baik kata ansar","0"
"1.86717767161392E+018","Ketua Umum PDI Perjuangan, Megawati Soekarnoputri, menyatakan dukungannya terhadap program makan bergizi gratis (MBG). Namun, ia memberi catatan penting terkait implementasinya. 

""Katanya mau kasih makanan (bergizi) gratis, setuju saya, beneran,"" ujar Megawati di Jakarta, Kamis https://t.co/sNkvZZKwXb","ketua umum pdi perjuangan megawati soekarnoputri menyatakan dukungannya terhadap program makan bergizi gratis mbg namun ia memberi catatan penting terkait implementasinya katanya mau kasih makanan bergizi gratis setuju saya benaran ujar megawati di jakarta kamis","1"
"1.8674015561334E+018","Megawati mengusulkan agar anggaran program makan bergizi gratis untuk dikaji kembali. Demokrat menilai anggaran tersebut sudah pas. https://t.co/3A3og4ITty","megawati mengusulkan agar anggaran program makan bergizi gratis untuk dikaji kembali demokrat menilai anggaran tersebut sudah pas","0"
"1.86636975779817E+018","#Foto Sejumlah siswa TK Kartika V-11 Air Putih menyantap makanan saat uji coba makanan bergizi di Samarinda, Kalimantan Timur, Selasa (10/12). Begini potretnya.

&gt;&gt; https://t.co/h9opTUFyTb

Foto: Antara Foto/M Risyal Hidayat https://t.co/9liiqwIYuH","foto sejumlah siswa tk kartika v air putih menyantap makanan saat uji coba makanan bergizi di samarinda kalimantan timur selasa begini potretnya gtgt foto antara fotom risyal hidayat","0"
"1.86777703049617E+018","Program Makan Siang Bergizi Gratis, DKP Pekanbaru Utamakan Pangan Lokal #BNetwork
https://t.co/6XHbT50SNP","program makan siang bergizi gratis dkp pekanbaru utamakan pangan lokal bnetwork","0"
"1.86717535725172E+018","Megawati Dukung Program Makan Bergizi Gratis, Soroti Anggaran Rp 10.000 per Porsi

Presiden ke-5 RI, Megawati Soekarnoputri, menyatakan dukungannya terhadap program makan bergizi gratis yang akan dilaksanakan oleh pemerintahan Presiden Prabowo Subianto. 

#prabowo #makanbergizi https://t.co/aXkf4ebXHu","megawati dukung program makan bergizi gratis soroti anggaran rp per porsi presiden ke ri megawati soekarnoputri menyatakan dukungannya terhadap program makan bergizi gratis yang akan dilaksanakan oleh pemerintahan presiden prabowo subianto prabowo makanbergizi","0"
"1.86708631634697E+018","Potret Uji Coba Makan Bergizi Gratis Menu Ikan
https://t.co/9xxmYoKl6m","potret uji coba makan bergizi gratis menu ikan","0"
"1.8667545428067E+018","Kabar Baik, Program Makan Bergizi Gratis Bakal Diterapkan di Pesantren #BNetwork
https://t.co/iabJyb7IfO","kabar baik program makan bergizi gratis bakal diterapkan di pesantren bnetwork","0"
"1.86683029421474E+018","Sri Mulyani mengatakan, belanja pemerintah pusat akan mendukung sejumlah program prioritas pembangunan seperti makan bergizi gratis, swasembada pangan dan energi, pendidikan, kesehatan dan perlindungan sosial. https://t.co/ns6OyEQSsE https://t.co/MNqH7lCgvN","sri mulyani mengatakan belanja pemerintah pusat akan mendukung sejumlah program prioritas pembangunan seperti makan bergizi gratis swasembada pangan dan energi pendidikan kesehatan dan perlindungan sosial","0"
"1.86711028801903E+018","Dari Dapur hingga ke Meja Siswa, Uji Coba Makan Bergizi Gratis https://t.co/ccCNLWoYnE","dari dapur hingga ke meja siswa uji coba makan bergizi gratis","0"
"1.86741705181362E+018","Partai Nasdem menilai, pemerintah memiliki pertimbangan dalam menetapkan anggaran makan bergizi gratis senilai Rp 10.000 per porsi.

&lt; #Megawati #Nasdem 

https://t.co/uuGIHGHcqc","partai nasdem menilai pemerintah memiliki pertimbangan dalam menetapkan anggaran makan bergizi gratis senilai rp per porsi lantai megawati nasdem","0"
"1.86719268529289E+018","Pemerintah siap melaksanakan Program Makan Bergizi Gratis (MBG) mulai 2 Januari 2025! ð½ï¸â£
â£
Dalam proses uji coba selama beberapa bulan terakhir, pemerintah telah menemukan format ideal dalam proses pelaksanaan program. Pemerintah juga telah mulai penyediaan bahan baku, https://t.co/3BwrjG1dqA","pemerintah siap melaksanakan program makan bergizi gratis mbg mulai januari dalam proses uji coba selama beberapa bulan terakhir pemerintah telah menemukan format ideal dalam proses pelaksanaan program pemerintah juga telah mulai penyediaan bahan baku","0"
"1.86770832767475E+018","Sorot Anggaran Makan Bergizi Gratis, Rp 10.000 dapat Apa? Megawati: Sorry ya Mas, Saya Mesti Kritik
https://t.co/ixXKs1I1r5 lewat @tribunkaltim","sorot anggaran makan bergizi gratis rp dapat apa megawati sorry ya mas saya mesti kritik lewat","1"
"1.86597566068836E+018","Kantor Komunikasi Kepresidenan RI meninjau uji coba pelaksanaan makan bergizi gratis untuk pelajar di Kota Bogor. https://t.co/02OwLDxKaI","kantor komunikasi kepresidenan ri meninjau uji coba pelaksanaan makan bergizi gratis untuk pelajar di kota bogor","0"
"1.86744752138956E+018","Gibran Klaim Program Makan Bergizi Gratis Paling Didukung Ibu-ibu https://t.co/mx5FO4ObI3","gibran klaim program makan bergizi gratis paling didukung ibuibu","0"
"1.86781045467825E+018","Megawati kritik Program Makan Bergizi Gratis, Rp 10.000 Dapat Tempe, Ini Penjelasan Cak Imin
https://t.co/8JA3gn67Ox","megawati kritik program makan bergizi gratis rp dapat tempe ini penjelasan cak imin","1"
"1.86714015031858E+018","Megawati Kritik Anggaran Makan Bergizi Gratis: Hai Mas Bowo, Rp 10 Ribu tak Masuk Akal
https://t.co/ZGpdk1nOg4","megawati kritik anggaran makan bergizi gratis hai mas bowo rp ribu tak masuk akal","1"
"1.86751352859025E+018","Gibran: Program Makan Bergizi Gratis Paling Didukung Ibu-ibu 
@gibran_tweet 

https://t.co/LeIe1XtlSD 
#wapres #gibranrakabuming #makanbergizigratis #fatayatnu","gibran program makan bergizi gratis paling didukung ibuibu wapres gibranrakabuming makanbergizigratis fatayatnu","0"
"1.86739838893082E+018","Ketua Umum PDI Perjuangan Megawati Soekarnoputri mengaku dirinya mendukung salah satu program Presiden Prabowo Subianto, yakni makan bergizi gratis (MBG).
https://t.co/olC56SWuUL","ketua umum pdi perjuangan megawati soekarnoputri mengaku dirinya mendukung salah satu program presiden prabowo subianto yakni makan bergizi gratis mbg","0"
"1.86783741154132E+018","Pemerintah Kota (Pemkot) Tangerang berhasil mencatatkan capaian luar biasa selama menyukseksan Uji Coba Program Makan Bergizi Gratis (MBG) di Kota Tangerang.","pemerintah kota pemkot tangerang berhasil mencatatkan capaian luar biasa selama menyukseksan uji coba program makan bergizi gratis mbg di kota tangerang","0"
"1.8635753448398E+018","Presiden Prabowo Subianto menetapkan alokasi Makan Bergizi Gratis Rp 10 ribu per porsi, turun dari Rp 15 ribu.

https://t.co/gQcyOg7OR2","presiden prabowo subianto menetapkan alokasi makan bergizi gratis rp ribu per porsi turun dari rp ribu","0"
"1.86752488284349E+018","Wapres RI Gibran Rakabuming Raka bercerita saat didukung oleh banyak ibu-ibu terkait program makan bergizi gratis. Bahkan, Gibran mengaku sudah ditagih program tersebut sebelum dilantik. https://t.co/4jyy4kh3Fr","wapres ri gibran rakabuming raka bercerita saat didukung oleh banyak ibuibu terkait program makan bergizi gratis bahkan gibran mengaku sudah ditagih program tersebut sebelum dilantik","0"
"1.86755274951017E+018","#MinaMania, mari kita lihat lagi keseruan Makan Bergizi Gratis di Tanjung Pasir, Tangerang yang melibatkan 1000 orang mulai dari anak TK hingga ibu menyusui.

Makan ikan setiap hari, wujudkan Generasi Emas 2045 bersama protein ikan. ðâ¨

https://t.co/PdoukthbBP

#HariNusantara","minamania mari kita lihat lagi keseruan makan bergizi gratis di tanjung pasir tangerang yang melibatkan orang mulai dari anak tk hingga ibu menyusui makan ikan setiap hari wujudkan generasi emas bersama protein ikan harinusantara","0"
"1.86677562165051E+018","Wapres Gibran Sosialisasikan Program Makan Bergizi Gratis di Pondok Pesantren Muhammadiyah Bogor
https://t.co/fqafTsuFiw","wapres gibran sosialisasikan program makan bergizi gratis di pondok pesantren muhammadiyah bogor","0"
"1.86751689003958E+018","Fatayat NU Pastikan Dukung Penuh Program Makan Bergizi Gratis 
@prabowo 

https://t.co/J1UCrJWLgD 
#fatayatnu #makanbergizigratis #presidenprabowosubianto","fatayat nu pastikan dukung penuh program makan bergizi gratis fatayatnu makanbergizigratis presidenprabowosubianto","0"
"1.86779288481849E+018","Kata Megawati hingga Prabowo soal Makan Bergizi Gratis - PARASOT

https://t.co/6YUQ9Gomxr","kata megawati hingga prabowo soal makan bergizi gratis parasot","0"
"1.86740281461325E+018","Dedi Mulyadi Respons Megawati: Rp10 Ribu Itu Bisa Jadi Cukup Baik untuk Makan Bergizi Gratis

https://t.co/Mkl8ZFkLRV","dedi mulyadi respons megawati rp ribu itu bisa jadi cukup baik untuk makan bergizi gratis","0"
"1.86741552844241E+018","Semua yang terlibat dalam penyelenggaraan Program Makan Bergizi Gratis 2025, pasti akan melakukan yang terbaik.
Badan Gizi Nasional (BGN),
PEKNAS dan seluruh Mitra Kerja MBG.
*
*
#BadanGiziNasional 
#PEKNAS https://t.co/yiATAUziO5","semua yang terlibat dalam penyelenggaraan program makan bergizi gratis pasti akan melakukan yang terbaik badan gizi nasional bgn peknas dan seluruh mitra kerja mbg badangizinasional peknas","0"
"1.86785831665263E+018","Pramono Enggan Tanggapi Kritik Megawati kepada Prabowo soal Makan Bergizi Gratis

https://t.co/d0pRk6gl1Z","pramono enggan tanggapi kritik megawati kepada prabowo soal makan bergizi gratis","0"
"1.86755632702919E+018","Pemerintah Kota Sorong Uji Coba Program Makan Bergizi Gratis di Sekolah dengan Menu Berbasis Ikan

https://t.co/31M0g2n31f","pemerintah kota sorong uji coba program makan bergizi gratis di sekolah dengan menu berbasis ikan","0"
"1.86787844894724E+018","Dedi Mulyadi Respons Megawati: Makan Bergizi Gratis Rp 10 Ribu Cukup

https://t.co/SoB3lUPMMt","dedi mulyadi respons megawati makan bergizi gratis rp ribu cukup","0"
"1.86752273778861E+018","Saksikan 
Dialektika tvMu "" Makan Bergizi Gratis Segera""

Sabtu, 14 Desember 20024
19.30 WIB 

Dapat disaksikan melalui siaran digital atau streaming di YouTube TVMu Channel 

#Muhammadiyah 
#MakanGratis
#BerGizi
#tvMuhammadiyah 
#Dealektika https://t.co/QQXJcQ4089","saksikan dialektika tvmu makan bergizi gratis segera sabtu desember wib dapat disaksikan melalui siaran digital atau streaming di youtube tvmu channel muhammadiyah makangratis bergizi tvmuhammadiyah dealektika","0"
"1.86735347894079E+018","Selamat Pagi Sobat PR!
.
Headline News hari ini di Koran Pikiran Rakyat membahas Indonesia Ditahan Laos 3-3 Pertahanan Garuda Masih Rapuh, Tantangan Berat Kasus DBD, dan Perlu Ditinjau Ulang Anggaran Makan Bergizi Gratis.
.
Jangan Lupa Beli dan Baca Harian Umum Pikiran Rakyat! https://t.co/6qGWr2svlv","selamat pagi sobat pr headline news hari ini di koran pikiran rakyat membahas indonesia ditahan laos pertahanan garuda masih rapuh tantangan berat kasus dbd dan perlu ditinjau ulang anggaran makan bergizi gratis jangan lupa beli dan baca harian umum pikiran rakyat","0"
"1.86716886006521E+018","Ketua Umum PDI Perjuangan Megawati Soekarnoputri memberikan pesan soal program makan bergizi gratis kepada Presiden Prabowo Subianto. Menurut Megawati anggaran program sebesar 10.000 rupiah per anak dinilai masih kurang.

#megawati #prabowo #makanbergizigratis https://t.co/jxcsMgv8v7","ketua umum pdi perjuangan megawati soekarnoputri memberikan pesan soal program makan bergizi gratis kepada presiden prabowo subianto menurut megawati anggaran program sebesar rupiah per anak dinilai masih kurang megawati prabowo makanbergizigratis","0"
"1.86673717851836E+018","Wapres Gibran Rakabuming Raka meninjau makan bergizi gratis di Bogor. Harga menunya Rp 11 ribu. Begini potretnya: https://t.co/OlhOtWmHbg","wapres gibran rakabuming raka meninjau makan bergizi gratis di bogor harga menunya rp ribu begini potretnya","0"
"1.86746571040828E+018","BRI Dukung Program Makan Bergizi Gratis Lewat Pembiayaan dan Pemberdayaan UMKM https://t.co/zFv97G2shU","bri dukung program makan bergizi gratis lewat pembiayaan dan pemberdayaan umkm","0"
"1.8674306418241E+018","Video: Cerita Gibran Ditagih Program Makan Bergizi Gratis Sebelum Dilantik https://t.co/TRdzTlZVMI","video cerita gibran ditagih program makan bergizi gratis sebelum dilantik","1"
"1.86784123234257E+018","Wakil Presiden Gibran Rakabuming RakaÂ mengklaim ibu-ibu menjadi kelompok yang paling mendukung pelaksanaan program makan bergizi gratis.

GibranÂ mengatakan para ibu-ibu sangat antusias ketika menjalankan simulasi program makan bergizi gratis di sejumlah sekolah.

Hal tersebut https://t.co/skz7VDzMg9","wakil presiden gibran rakabuming raka mengklaim ibuibu menjadi kelompok yang paling mendukung pelaksanaan program makan bergizi gratis gibran mengatakan para ibuibu sangat antusias ketika menjalankan simulasi program makan bergizi gratis di sejumlah sekolah hal tersebut","0"
"1.8674195555992E+018","Ketua Umum PDIP, Megawati Soekarnoputri, mengkritik anggaran Rp10 ribu per porsi dalam program Makan Bergizi Gratis (MBG) yang digagas Presiden Prabowo. Megawati mengaku mendukung program makan bergizi gratis, namun ia menilai angka tersebut tidak realistis di tengah kenaikan https://t.co/c5Nl9WhTYj","ketua umum pdip megawati soekarnoputri mengkritik anggaran rp ribu per porsi dalam program makan bergizi gratis mbg yang digagas presiden prabowo megawati mengaku mendukung program makan bergizi gratis namun ia menilai angka tersebut tidak realistis di tengah kenaikan","0"
"1.86754856184963E+018","Kasau Tonny Harjono Tinjau Uji Coba Makan Bergizi Gratis di SD Angkasa Surakarta
https://t.co/SqKIQPvxTP","kasau tonny harjono tinjau uji coba makan bergizi gratis di sd angkasa surakarta","0"
"1.86749487859235E+018","Kantor Komunikasi Presiden Tinjau Uji Coba Makan Bergizi Gratis untuk 3.018 Siswa di Bogor
https://t.co/EynbsGRU7V","kantor komunikasi presiden tinjau uji coba makan bergizi gratis untuk siswa di bogor","0"
"1.86671855593423E+018","""Kami ingin memastikan kesiapan SPPG untuk memulai program ini secara serentak pada 2 Januari 2025,"" kata Jubir Kantor Komunikasi Kepresidenan Hariqo Satria Wibawa. https://t.co/muKAZcq4Fy","kami ingin memastikan kesiapan sppg untuk memulai program ini secara serentak pada januari kata jubir kantor komunikasi kepresidenan hariqo satria wibawa","0"
"1.86707232401038E+018","Duta Besar Prancis untuk Indonesia, Fabien Penone, menyatakan kesiapannya untuk mendukung program andalan Presiden Prabowo Subianto, makan bergizi gratis di sekolah-sekolah Indonesia.

Dukungan ini merupakan bagian dari kerja sama yang sedang dikembangkan antara Prancis, https://t.co/b6jgbJpwuo","duta besar prancis untuk indonesia fabien penone menyatakan kesiapannya untuk mendukung program andalan presiden prabowo subianto makan bergizi gratis di sekolahsekolah indonesia dukungan ini merupakan bagian dari kerja sama yang sedang dikembangkan antara prancis","0"
"1.86754175365151E+018","Kunjungan Ketum dn DPP PEKNAS
ke DPW Pamekasan dn sekitarnya, 
Silhaturahmi dn Konsolidasi program kerja, terkait pengawalan dn dukungan terhadap pelaksanaan program makan bergizi gratis. 
Madura : 13 . 12 . 2024
#PEKNAS
#EkonomiKerakyatan https://t.co/Sh1ZmSG95W","kunjungan ketum dan dpp peknas ke dpw pamekasan dan sekitarnya silhaturahmi dan konsolidasi program kerja terkait pengawalan dan dukungan terhadap pelaksanaan program makan bergizi gratis madura peknas ekonomikerakyatan","0"
"1.86751885455099E+018","Siap-siap Bun! Pemerintah Laksanakan Program Makan Bergizi Gratis Dimulai 2 Januari 2025 https://t.co/FsNGDtluin","siapsiap bun pemerintah laksanakan program makan bergizi gratis dimulai januari","0"
"1.86802210278546E+018","Kodim 0802/Ponorogo uji coba Makan Bergizi Gratis di SDN 1 Surodikraman. Siswa antusias, menu enak dan lezat. Simak selengkapnya disini ððð https://t.co/YPMZ9aHUn2 https://t.co/59decbkTD8","kodim ponorogo uji coba makan bergizi gratis di sdn surodikraman siswa antusias menu enak dan lezat simak selengkapnya disini","0"
"1.86739642705352E+018","Kritik Bu Mega 10rb dapat apa utk Makan Bergizi Gratis justru menunjukkan program Pak Prabowo itu dijalankan dengan sangat bagus (dari sisi biaya). Dengan 10rb makan bergizi bisa jalan.
Bu Mega kesulitan mendapat poin utk mengkritik program tsb.","kritik bu mega ribu dapat apa untuk makan bergizi gratis justru menunjukkan program pak prabowo itu dijalankan dengan sangat bagus dari sisi biaya dengan ribu makan bergizi bisa jalan bu mega kesulitan mendapat poin untuk mengkritik program tersebut","0"
"1.86723188649567E+018","Muzani: Program Makan Bergizi Gratis Upaya Prabowo Tingkatkan Kualitas SDM Indonesia
https://t.co/5ahOwh5kg5","muzani program makan bergizi gratis upaya prabowo tingkatkan kualitas sdm indonesia","0"
"1.86713499815719E+018","Program Makan Bergizi Gratis Akan Dilaksanakan Mulai 2 Januari 2025 https://t.co/CyT9IdMImc via @Indopolitika via @Indopolitika","program makan bergizi gratis akan dilaksanakan mulai januari via via","0"
"1.86734954818164E+018","KKP cetak Desa desa perikanan suplai bahan baku makan bergizi gratis
dan telah menggandeng Kementerian Desa, Pembangunan, dan Daerah Tertinggal untuk mengoptimalkan potensi desa-desa di bidang kelautan dan perikanan.

Nadia Marceng #TimnasDay Onana Nessie #AFF2024 Vietnam https://t.co/pSqAeTpkzz","kkp cetak desa desa perikanan suplai bahan baku makan bergizi gratis dan telah menggandeng kementerian desa pembangunan dan daerah tertinggal untuk mengoptimalkan potensi desadesa di bidang kelautan dan perikanan nadia marceng timnasday onana nessie aff vietnam","0"
"1.867542479568E+018","Kunjungan Ketum dn DPP PEKNAS
ke DPW Pamekasan dn sekitarnya, 
Silhaturahmi dn Konsolidasi program kerja, terkait pengawalan dn dukungan terhadap pelaksanaan program makan bergizi gratis. 
Madura : 13 . 12 . 2024
#PEKNAS
#EkonomiKerakyatan https://t.co/c5Hp9cdfxv","kunjungan ketum dan dpp peknas ke dpw pamekasan dan sekitarnya silhaturahmi dan konsolidasi program kerja terkait pengawalan dan dukungan terhadap pelaksanaan program makan bergizi gratis madura peknas ekonomikerakyatan","0"
"1.86761149751957E+018","PT BRI berkomitmen mendukung program Makan Bergizi Gratis untuk meningkatkan kesejahteraan masyarakat. BRI juga siap memberikan pembiayaan bagi UMKM terkait. https://t.co/8x9reYsehs","pt bri berkomitmen mendukung program makan bergizi gratis untuk meningkatkan kesejahteraan masyarakat bri juga siap memberikan pembiayaan bagi umkm terkait",""
"1.86744539193713E+018","Lewat Pembiayaan dan Pemberdayaan, BRI Sukseskan Program Makan Bergizi Gratis 

https://t.co/bzZ9WaqXgu","lewat pembiayaan dan pemberdayaan bri sukseskan program makan bergizi gratis",""
"1.86741182628965E+018","Program Makan Bergizi Gratis 2025 adalah untuk Meningkatkan ASUPAN GIZi AnakÂ² Bangsa serta Membangkitkan Perekonomian Kerakyatan, UMKM dan Koperasi.
Badan Gizi Nasional, PEKNAS, BP Taskin, Kementerian, TNI-POLRI, Lembaga Swasta dll terus bersinergi.
ð
#BadanGiziNasional 
#PEKNAS https://t.co/mg2uW7uqwJ","program makan bergizi gratis adalah untuk meningkatkan asupan gizi anak bangsa serta membangkitkan perekonomian kerakyatan umkm dan koperasi badan gizi nasional peknas bp taskin kementerian tnipolri lembaga swasta dll terus bersinergi badangizinasional peknas",""
"1.86723216015726E+018","*Meriahkan Hari Nusantara, BPPSDM KP laksanakan Makan Bergizi Gratis di Bitung*
 KKP melalui Badan Penyuluhan dan Pengembangan Sumber Daya Manusia Kelautan dan Perikanan (BPPSDM KP) melaksanakan giat Makan Bergizi Gratis (MBG) dalam rangka memeriahkan Hari Nusantara tahun 2024. https://t.co/1rXQqayRhk","meriahkan hari nusantara bppsdm kp laksanakan makan bergizi gratis di bitung kkp melalui badan penyuluhan dan pengembangan sumber daya manusia kelautan dan perikanan bppsdm kp melaksanakan giat makan bergizi gratis mbg dalam rangka memeriahkan hari nusantara tahun",""
"1.86749649541685E+018","Upaya pemerintah dalam meningkatkan asupan gizi masyarakat dan mengatasi stunting telah diinisiasi oleh Presiden RI, Prabowo Subianto, dalam bingkai program prioritas nasional ""Makan Bergizi Gratis"", dimana di dalamnya termasuk pemberian susu (1/6) https://t.co/pkf5ASsUHP","upaya pemerintah dalam meningkatkan asupan gizi masyarakat dan mengatasi stunting telah diinisiasi oleh presiden ri prabowo subianto dalam bingkai program prioritas nasional makan bergizi gratis dimana di dalamnya termasuk pemberian susu",""
"1.86754228141239E+018","Silahturahmi dan Konsolidasi Ketum dan DPP PEKNAS ke DPC Pamekasan, Madura dan sekitarnya. 
Mempererat tali persaudaraan Peknas Nusantara, pemantapan visi-misi dan program kerja dalam mengawal serta mendukung Program Makan bergizi gratis. 
#PEKNAS
#EkonomiKerakyatan https://t.co/ZXHMDn1VlM","silahturahmi dan konsolidasi ketum dan dpp peknas ke dpc pamekasan madura dan sekitarnya mempererat tali persaudaraan peknas nusantara pemantapan visimisi dan program kerja dalam mengawal serta mendukung program makan bergizi gratis peknas ekonomikerakyatan",""
"1.86744773125995E+018","Kritik Anggaran Makan Bergizi Gratis Cuma Rp 10 Ribu, Megawati Minta Prabowo Hitung Ulang, Ini Alasannya

#TribunKaltim #MakanBergiziGratis #Prabowo
 
https://t.co/Uc8ehZ3dpT lewat @tribunnews","kritik anggaran makan bergizi gratis cuma rp ribu megawati minta prabowo hitung ulang ini alasannya tribunkaltim makanbergizigratis prabowo lewat",""
"1.86785995555626E+018","Makan Bergizi Gratis di Mahulu, Perhatian Presiden Prabowo Subianto untuk Generasi Muda
 
https://t.co/GcJC3D0qIT #Foodies #FoodSpot #foodsafety #FoodLove #samarinda #MahakamUlu #Mahulu #prabowog20leadership #Kaltim #IndonesiaKetahananPangan #indonesia #KalimantanTimur #economic","makan bergizi gratis di mahulu perhatian presiden prabowo subianto untuk generasi muda foodies foodspot foodsafety foodlove samarinda mahakamulu mahulu prabowogleadership kaltim indonesiaketahananpangan indonesia kalimantantimur economic",""
"1.86802475923531E+018","Dandim 0826/Pamekasan dan Staf Ahli Kodam V/Brawijaya pantau uji coba makan bergizi gratis. Program ini dukung kesehatan siswa dan generasi muda. Simak selengkapnya disini ððð https://t.co/Ngz71OJP0h https://t.co/U2St1bFuLF","dandim pamekasan dan staf ahli kodam vbrawijaya pantau uji coba makan bergizi gratis program ini dukung kesehatan siswa dan generasi muda simak selengkapnya disini",""
"1.86758029201101E+018","PT. Bank Rakyat Indonesia (Persero) Tbk menegaskan komitmen dalam menyukseskan program Makan Bergizi Gratis (MBG). https://t.co/5mq2nNJ22O","pt bank rakyat indonesia persero tbk menegaskan komitmen dalam menyukseskan program makan bergizi gratis mbg",""
"1.86791044576147E+018","Banyak Dampak Positif, Program Makan Bergizi Gratis Harus Terus Berlanjut
#MedcomAd https://t.co/6maazTqXKa","banyak dampak positif program makan bergizi gratis harus terus berlanjut medcomad",""
"1.86783760945799E+018","Halo, #DulurMina
Tau ngga, sih tanggal 13 Desember 2024 adalah Hari Nusantara. BPPP Banyuwangi merayakannya dengan mengadakan Makan Bergizi Gratis Menu Ikan di 51 Kab. dan Kota di wilayah Jawa Timur, Kalsel, NTB, dan NTT.

#25TahunKKP
#SailBeyondWithBlueEconomy
#2024KKPBeyond","halo dulurmina tau enggak sih tanggal desember adalah hari nusantara bp banyuwangi merayakannya dengan mengadakan makan bergizi gratis menu ikan di kab dan kota di wilayah jawa timur kalsel ntb dan ntt tahunkkp sailbeyondwithblueeconomy kkpbeyond",""
"1.86741079163035E+018","PEKNAS bersama Badan Gizi Nasional akan bersnergi mengawal dn mendukung pelaksanaan program Makan Bergizi Gratis, yg bahan dasar makanannya harus lokal. Petani dan Nelayan akan merasakan manfaat ini, dgn suplay hasilÂ² usaha mereka. 
#PEKNAS
#BadanGiziNasional https://t.co/JkPW80XVme","peknas bersama badan gizi nasional akan bersnergi mengawal dan mendukung pelaksanaan program makan bergizi gratis yang bahan dasar makanannya harus lokal petani dan nelayan akan merasakan manfaat ini dengan suplay hasil usaha mereka peknas badangizinasional",""
"1.86675934534789E+018","Dalam  rangka mendukung kesiapan Program Makan bergizi Gratis di Provinsi  Jambi, dilaksanakan koordinasi antara Perwakilan BPKP Jambi dengan Korem  042 Garuda Putih Jambi. Uji coba makan bergizi gratis rencana akan  dilaksanakan di Kota Jambi pada bulan Desember 2024. https://t.co/51paD8oat4","dalam rangka mendukung kesiapan program makan bergizi gratis di provinsi jambi dilaksanakan koordinasi antara perwakilan bpkp jambi dengan korem garuda putih jambi uji coba makan bergizi gratis rencana akan dilaksanakan di kota jambi pada bulan desember",""
"1.86713077320958E+018","Mantan Presiden Megawati Soekarnoputri mengkritisi alokasi anggaran untuk program Makan Bergizi Gratis (MBG) yang ditetapkan hanya sebesar Rp10 ribu per anak per porsi. Dia menilai, anggaran sebesar itu tidak masuk akal lantaran terlalu kecil. https://t.co/eRDXPCwBjL","mantan presiden megawati soekarnoputri mengkritisi alokasi anggaran untuk program makan bergizi gratis mbg yang ditetapkan hanya sebesar rp ribu per anak per porsi dia menilai anggaran sebesar itu tidak masuk akal lantaran terlalu kecil",""
"1.86488064428487E+018","Dukung Program Makan Bergizi Gratis, PGN dan BGN Kerjasama Penyediaan Pasokan Gas Bumi

Kerjasama ini juga menjadi tindak lanjut penugasan dari Menteri BUMN Erick Thohir kepada delapan BUMN untuk mendukung penuh Program Makan Bergizi Gratis (MBG) Presiden Prabowo.","dukung program makan bergizi gratis pgn dan bgn kerjasama penyediaan pasokan gas bumi kerjasama ini juga menjadi tindak lanjut penugasan dari menteri bumn erick thohir kepada delapan bumn untuk mendukung penuh program makan bergizi gratis mbg presiden prabowo",""
"1.86343701430741E+018","Presiden Prabowo Subianto memotong anggaran program Makan Bergizi Gratis (MBG) menjadi hanya Rp10 ribu per anak. Awalnya pemerintah menaksir anggaran untuk seporsi makanan dalam program tersebut mencapai Rp15 ribu. https://t.co/I41M088xI1","presiden prabowo subianto memotong anggaran program makan bergizi gratis mbg menjadi hanya rp ribu per anak awalnya pemerintah menaksir anggaran untuk seporsi makanan dalam program tersebut mencapai rp ribu",""
"1.86675161507785E+018","1. Pondok Pesantren Muhammadiyah Boarding School (MBS) Ki Bagus Hadikusumo, sebagai lembaga pendidikan yang berkomitmen penuh terhadap kemajuan peradaban bangsa, mengundang Wakil Presiden Gibran Rakabuming untuk meninjau simulasi program Makan Bergizi Gratis (MBG). Kegiatan ini https://t.co/E6COkYej1Q","pondok pesantren muhammadiyah boarding school mbs ki bagus hadikusumo sebagai lembaga pendidikan yang berkomitmen penuh terhadap kemajuan peradaban bangsa mengundang wakil presiden gibran rakabuming untuk meninjau simulasi program makan bergizi gratis mbg kegiatan ini",""
"1.86649616548909E+018","1. Edan, program makan bergizi gratis (MBG) ini lama2 tak hanya anggaran per-porsinya makin mengecil, tapi alokasi anggarannya yg Rp71 Triliun pun akan hilang lenyap tdk jelas sebagian besar.

Hati2 lho pak Pres @prabowo. Ini anak buah bapak yg tak pinter Math atau sedang mbujuk https://t.co/pnXSSxuAj6","edan program makan bergizi gratis mbg ini lama tak hanya anggaran perporsinya makin mengecil tapi alokasi anggarannya yang rp triliun pun akan hilang lenyap tidak jelas sebagian besar hati lho pak pres ini anak buah bapak yang tak pintar math atau sedang mbujuk",""
"1.86410821643264E+018","#SobatSetneg sudah tahu, kan?
Bahwa salah satu program prioritas pemerintahan Presiden Prabowo Subianto dan Wakil Presiden Gibran Rakabuming adalah program Makan Bergizi Gratis (MBG). ðð»

Lalu kira-kira sebenarnya apa, ya, tujuan dari program MBG ini, #SobatSetneg? Yuk simak https://t.co/AMeavHgHoF","sobatsetneg sudah tahu kan bahwa salah satu program prioritas pemerintahan presiden prabowo subianto dan wakil presiden gibran rakabuming adalah program makan bergizi gratis mbg lalu kirakira sebenarnya apa ya tujuan dari program mbg ini sobatsetneg yuk simak",""
"1.86639627059381E+018","Anak Buah Airlangga Bicara Dampak Program MBG
https://t.co/MHlDM7ULfw","anak buah airlangga bicara dampak program mbg",""
"1.86677648314401E+018","Presiden Prabowo mengumumkan, program makan bergizi gratis (MBG) akan meningkatkan alokasi anggaran ke desa-desa, sebagai upaya untuk memberdayakan ekonomi di tingkat pedesaan, kecamatan, hingga provinsi.

Bahkan, Presiden mengatakan MBG dapat membuat peredaran uang di desa https://t.co/XxYPTVSZMC","presiden prabowo mengumumkan program makan bergizi gratis mbg akan meningkatkan alokasi anggaran ke desadesa sebagai upaya untuk memberdayakan ekonomi di tingkat pedesaan kecamatan hingga provinsi bahkan presiden mengatakan mbg dapat membuat peredaran uang di desa",""
"1.86644505505111E+018","Menteri KKP, Sakti Wahyu Trenggono, menyatakan produk susu ikan akan menjadi alternatif yang disediakan dalam sajian menu program Makan Bergizi Gratis (MBG). 

Ia menilai varian susu hewani tersebut merupakan wujud inovasi dalam upaya memenuhi kebutuhan protein di masyarakat. https://t.co/EiSFLQ8uY0","menteri kkp sakti wahyu trenggono menyatakan produk susu ikan akan menjadi alternatif yang disediakan dalam sajian menu program makan bergizi gratis mbg ia menilai varian susu hewani tersebut merupakan wujud inovasi dalam upaya memenuhi kebutuhan protein di masyarakat",""
"1.86673335464697E+018","Presiden Prabowo Subianto mengklaim program Makan Bergizi Gratis (MBG) bakal mendongkrak peredaran duit dari pusat ke desa hingga Rp8 miliar per tahun. Dia bilang bahwa selama ini peredaran uang di desa hanya bersumber dari Dana Desa sebesar Rp1 miliar per tahun. https://t.co/jzZcaXTLHX","presiden prabowo subianto mengklaim program makan bergizi gratis mbg bakal mendongkrak peredaran duit dari pusat ke desa hingga rp miliar per tahun dia bilang bahwa selama ini peredaran uang di desa hanya bersumber dari dana desa sebesar rp miliar per tahun",""
"1.86717861026585E+018","Program MBG di SLBN Mentok, PT Timah Siapkan 93 Paket Nasi Kotak https://t.co/LvdZ9geM5C","program mbg di slbn mentok pt timah siapkan paket nasi kotak",""
"1.86309483763513E+018","kata Menteri Trenggono, program MBG yang berbasis kearifan lokal dan tematik sesuai potensi paling dominan di daerah, sejalan dengan pengembangan budi daya perikanan yang dilakukan KKP.

#solidaritasnusANTARA87
https://t.co/udXWxDHzva","kata menteri trenggono program mbg yang berbasis kearifan lokal dan tematik sesuai potensi paling dominan di daerah sejalan dengan pengembangan budi daya perikanan yang dilakukan kkp solidaritasnusantara",""
"1.86650607159627E+018","10. Mudah2an laPresiden @prabowo mengawasi ketat program MBG ini. Saya mencium aroma akal2an di program ini.

Apalagi sejak dinyatakan anggaran perporsinya menjadi Rp10ribu. Dengan keterangan berbeda2 dari bawahan Presiden.

Jangan sampai program bagus ini jadi ladang bancakan.","mudahan lapresiden mengawasi ketat program mbg ini saya mencium aroma akalan di program ini apalagi sejak dinyatakan anggaran perporsinya menjadi rpribu dengan keterangan berbeda dari bawahan presiden jangan sampai program bagus ini jadi ladang bancakan",""
"1.86495040641501E+018","Program Makan Bergizi Gratis Harus Sasar Pesantren, PKS: Libatkan Dapur Mandiri untuk Kesuksesan

Program Makan Bergizi Gratis (MBG) yang diinisiasi pemerintahan Presiden RI Prabowo Subianto diharapkan segera menyasar peserta didik di lembaga pendidikan keagamaan, khususnya https://t.co/gmUCRzOTLe","program makan bergizi gratis harus sasar pesantren pks libatkan dapur mandiri untuk kesuksesan program makan bergizi gratis mbg yang diinisiasi pemerintahan presiden ri prabowo subianto diharapkan segera menyasar peserta didik di lembaga pendidikan keagamaan khususnya",""
"1.86412987845672E+018","Warga NTT Sambut Prabowo, Harapkan Makan Bergizi Gratis Segera Terwujud

Masyarakat Provinsi Nusa Tenggara Timur (NTT) menyampaikan harapan  besar terhadap program Makan Bergizi Gratis (MBG) yang digagas Presiden  Prabowo Subianto untuk bisa segera dirasakan manfaatnya.

Tim https://t.co/TrXq2xzSAq","warga ntt sambut prabowo harapkan makan bergizi gratis segera terwujud masyarakat provinsi nusa tenggara timur ntt menyampaikan harapan besar terhadap program makan bergizi gratis mbg yang digagas presiden prabowo subianto untuk bisa segera dirasakan manfaatnya tim",""
"1.86415190769211E+018","Sejumlah perwakilan masyarakat yang menyambut antusias kedatangan Presiden  Prabowo Subianto di Kupang selasa malam, menyampaikan harapan besar terhadap program Makan Bergizi Gratis (MBG) yang digagas Presiden Prabowo Subianto untuk bisa segera dirasakan manfaatnya.","sejumlah perwakilan masyarakat yang menyambut antusias kedatangan presiden prabowo subianto di kupang selasa malam menyampaikan harapan besar terhadap program makan bergizi gratis mbg yang digagas presiden prabowo subianto untuk bisa segera dirasakan manfaatnya",""
"1.86639468418641E+018","Setakad ini info soal anggaran program MBG. Tiga versi;

- Kata @pco_ri: Rp10rb rata2 perporsi.
- Kata chief @budimandjatmiko BPTaskin: Rp10rb harga bahan bakunya.
- Kata Chief BGN: Ro10rb untuk bahan baku 85% dan 15% untuk yg masak.

ð¤£ð¤£","setakad ini info soal anggaran program mbg tiga versi kata rprb rata perporsi kata chief bptaskin rprb harga bahan bakunya kata chief bgn rorb untuk bahan baku dan untuk yang masak",""
"1.8642109850134E+018","Kemendes PDT siap membentuk desa-desa tematik di Indonesia untuk menyukseskan implementasi Program Makan Bergizi Gratis (MBG) dan perwujudan swasembada pangan.

#solidaritasnusANTARA87  https://t.co/1rH4kBkE93","kemendes pdt siap membentuk desadesa tematik di indonesia untuk menyukseskan implementasi program makan bergizi gratis mbg dan perwujudan swasembada pangan solidaritasnusantara",""
"1.86636210409542E+018","Anggota Banggar DPRD Surabaya Aning Rahmawati mengusulkan kepada pemkot untuk memangkas anggaran pengadaan alat tulis kantor 
(ATK) serta makanan dan 
minuman (mamin) untuk memenuhi kebutuhan makan bergizi gratis (MBG). Sebab, sebagian besar program pemenuhan gizi bagi siswa itu https://t.co/HAuayq62IJ","anggota banggar dprd surabaya aning rahmawati mengusulkan kepada pemkot untuk memangkas anggaran pengadaan alat tulis kantor atk serta makanan dan minuman mamin untuk memenuhi kebutuhan makan bergizi gratis mbg sebab sebagian besar program pemenuhan gizi bagi siswa itu",""
"1.86680241723038E+018","Pemerintah Kota (Pemkot) Tangerang Selatan akan membangun 8 dapur gizi untuk menjalankan program makan bergizi (MBG) di tahun 2025.

Kepala Satuan Pelayanan Pemenuhan Gizi Kota Tangsel, Nindy Sabrina mengatakan, jumlah dapur ini masih akan bertambah sesuai dengan kebutuhan https://t.co/B0H9Ducycj","pemerintah kota pemkot tangerang selatan akan membangun dapur gizi untuk menjalankan program makan bergizi mbg di tahun kepala satuan pelayanan pemenuhan gizi kota tangsel nindy sabrina mengatakan jumlah dapur ini masih akan bertambah sesuai dengan kebutuhan",""
"1.86639619331376E+018","Usul Pak Presiden @prabowo. Daripada anak-anak sekolah dapat makanan tidak bergizi, atau yang dipaksakan ""bergizi"", sementara uang terbatas, baiknya program MBG tahap awal untuk 25% anak yg ""kelaparan"" saja dulu. Yg ortunya miskin.

Naik kan anggarannya jadi 15-25rb perporsi. https://t.co/S6ADMtsuvq","usul pak presiden daripada anakanak sekolah dapat makanan tidak bergizi atau yang dipaksakan bergizi sementara uang terbatas baiknya program mbg tahap awal untuk anak yang kelaparan saja dulu yg orang tuanya miskin naik kan anggarannya jadi ribu perporsi",""
"1.86605125260345E+018","Presidential Communication Office (PCO) meninjau uji coba program Makan Bergizi Gratis (MBG) di 15 sekolah, di Bogor, Senin (9/12/2024). Uji coba dilaksanakan di Satuan Pelayanan Pemenuhan Gizi (SPPG) Tanah Sareal. #TirtoDaily https://t.co/CySCWuE3Sp","presidential communication office pco meninjau uji coba program makan bergizi gratis mbg di sekolah di bogor senin uji coba dilaksanakan di satuan pelayanan pemenuhan gizi sppg tanah sareal tirtodaily",""
"1.86702659065335E+018","Wapres Gibran Janji Program Makan Bergizi Gratis akan Lebih Banyak Sasar Sekolah Keagamaan

Wakil Presiden RI, Gibran Rakabuming Raka meninjau simulasi program Makan Bergizi Gratis (MBG) yang diselenggarakan di Pondok Pesantren Muhammadiyah Boarding School (MBS) Ki Bagus https://t.co/tcnp7yCvQ2","wapres gibran janji program makan bergizi gratis akan lebih banyak sasar sekolah keagamaan wakil presiden ri gibran rakabuming raka meninjau simulasi program makan bergizi gratis mbg yang diselenggarakan di pondok pesantren muhammadiyah boarding school mbs ki bagus",""
"1.86682803829566E+018","Video: Kemenko Perekonomian Bicara Dampak Program MBG https://t.co/JcYk9PDI2C","video kemenko perekonomian bicara dampak program mbg",""
"1.86664453001302E+018","Presiden Prabowo Sebut Program Makan Bergizi Gratis Perkuat Ekonomi Desa

Presiden Prabowo Subianto menegaskan komitmen pemerintah untuk memperkuat ekonomi pedesaan melalui implementasi program Makan Bergizi Gratis (MBG).

Pernyataan ini disampaikan Prabowo dalam acara penyerahan https://t.co/SXhDC2HfQO","presiden prabowo sebut program makan bergizi gratis perkuat ekonomi desa presiden prabowo subianto menegaskan komitmen pemerintah untuk memperkuat ekonomi pedesaan melalui implementasi program makan bergizi gratis mbg pernyataan ini disampaikan prabowo dalam acara penyerahan",""
"1.86674048937191E+018","@prabowo Yang terjadi saat program MBG dijalankan adalah berpindahnya uang beredar dari kantong2 rakyat, usaha rakyat kecil, ke BGN dan pelaksana MBG serta karyawan2x yg terlibat di MBG, pak Presiden.

Akan meningkat Rp8 miliar/ desa? Hitungan darimana pak Pres. Jgn percaya anak buah sjð","yang terjadi saat program mbg dijalankan adalah berpindahnya uang beredar dari kantong rakyat usaha rakyat kecil ke bgn dan pelaksana mbg serta karyawanx yang terlibat di mbg pak presiden akan meningkat rp miliar desa hitungan darimana pak pres jgn percaya anak buah saja",""
"1.86690767802873E+018","https://t.co/EPFFE9QN9t Dukung Program MBG dan Swasembada Pangan, Menkop Dorong Pemda Perkuat Peran KUD  #umkm #umkmindonesia #umkmnaikkelas #ukm #ukmindonesia #koperasiindonesia #koperasi","dukung program mbg dan swasembada pangan menkop dorong pemda perkuat peran kud umkm umkmindonesia umkmnaikkelas ukm ukmindonesia koperasiindonesia koperasi",""
"1.86671069382905E+018","Pemerintah siap melaksanakan Program Makan Bergizi Gratis (MBG) mulai 2 Januari 2025. Dalam proses uji coba selama beberapa bulan terakhir, pemerintah semakin menemukan format ideal dalam proses pelaksanaan program, dari mulai penyediaan bahan baku, operasional unit pelayanan, https://t.co/pMSZsTrAf3","pemerintah siap melaksanakan program makan bergizi gratis mbg mulai januari dalam proses uji coba selama beberapa bulan terakhir pemerintah semakin menemukan format ideal dalam proses pelaksanaan program dari mulai penyediaan bahan baku operasional unit pelayanan",""
"1.86673652601049E+018","Dgn sistem yg akan dijalankan, sy ndak percaya akan ada peningkatan uang beredar di desa Rp8 miliar dgn Program MBG.

Yg terjadi justru sebaliknya. Banyak orang akan kehilangan pekerjaan dlm rantai distribusi bahan baku.

Hitungan darimana 8 miliar? ð
 https://t.co/ZmS41Yj3hA","dgn sistem yang akan dijalankan saya indak percaya akan ada peningkatan uang beredar di desa rp miliar dengan program mbg yg terjadi justru sebaliknya banyak orang akan kehilangan pekerjaan dalam rantai distribusi bahan baku hitungan darimana miliar",""
"1.86725685298958E+018","Menkop pastikan koperasi dilibatkan dalam program MBG
https://t.co/JT5n4JIfep","menkop pastikan koperasi dilibatkan dalam program mbg",""
"1.86673277118566E+018","WAKIL Presiden Gibran Rakabuming meninjau simulasi program Makan Bergizi Gratis (MBG) di Pondok Pesantren Muhammadiyah Boarding School (MBS) Ki Bagus Hadikusumo.

https://t.co/JabamI6MAC","wakil presiden gibran rakabuming meninjau simulasi program makan bergizi gratis mbg di pondok pesantren muhammadiyah boarding school mbs ki bagus hadikusumo",""
"1.86636372844024E+018","Menteri Kelautan dan Perikanan Sakti Wahyu Trenggono mengungkapkan susu ikan menjadi salah satu alternatif dalam program Makan Bergizi Gratis (MBG)https://t.co/FmxNOPMJac","menteri kelautan dan perikanan sakti wahyu trenggono mengungkapkan susu ikan menjadi salah satu alternatif dalam program makan bergizi gratis mbg",""
"1.86681681754259E+018","Presiden Prabowo Subianto mengatakan, program Makan Bergizi Gratis (MBG) merupakan langkah strategis untuk memberdayakan ekonomi di pedesaan. 

Hal tersebut disampaikan Prabowo saat acara penyerahan Daftar Isian Pelaksanaan Anggaran (DIPA) dan Buku Daftar Alokasi Transfer ke https://t.co/vc8AT7ojqN","presiden prabowo subianto mengatakan program makan bergizi gratis mbg merupakan langkah strategis untuk memberdayakan ekonomi di pedesaan hal tersebut disampaikan prabowo saat acara penyerahan daftar isian pelaksanaan anggaran dipa dan buku daftar alokasi transfer ke",""
"1.8630827804288E+018","Presiden Prabowo Subianto menetapkan anggaran Makan Bergizi Gratis (MBG) sebesar Rp10 ribu per anak per hari. Hal itu diputuskan setelah rapat terbatas di Istana Negara.

""Program makan bergizi ini nanti rata-rata minimumnya kita ingin memberi indeks per anak, per ibu hamil, itu https://t.co/ExzmGylWBT","presiden prabowo subianto menetapkan anggaran makan bergizi gratis mbg sebesar rp ribu per anak per hari hal itu diputuskan setelah rapat terbatas di istana negara program makan bergizi ini nanti ratarata minimumnya kita ingin memberi indeks per anak per ibu hamil itu",""
"1.86649702559405E+018","2. Menurut kepala BGN, bahwa program MBG akan dilakukan bertahap tahun depan dgn anggaran sesuai yg telah ditetapkan di APBN yakni Rp71 triliun.

Pada Jan-Maret, target penerima MBG adalah 3 juta. April-Juni menjadi 6 juta. Selanjutnya sampai akhir tahun menjadi 17 juta.

What?? https://t.co/wXejjAbLbI","menurut kepala bgn bahwa program mbg akan dilakukan bertahap tahun depan dengan anggaran sesuai yang telah ditetapkan di apbn yakni rp triliun pada janmaret target penerima mbg adalah juta apriljuni menjadi juta selanjutnya sampai akhir tahun menjadi juta what",""
"1.86468639649502E+018","Anggaran Makanan Bergizi Gratis (MBG) telah dipangkas untuk tiap porsinya menjadi Rp 10.000, dari sebelumnya Rp 15.000. Program ini pun direncanakan berjalan pada 2 Januari 2025.

Â Orang dekat Presiden Prabowo Subianto yang juga mantan Direksi ID Food, Dirgayuza Setiawan https://t.co/EnXctkmmdC","anggaran makanan bergizi gratis mbg telah dipangkas untuk tiap porsinya menjadi rp dari sebelumnya rp program ini pun direncanakan berjalan pada januari orang dekat presiden prabowo subianto yang juga mantan direksi id food dirgayuza setiawan",""
"1.86431769217144E+018","MBG = Makan Bergizi Gratis ð®ð©
Kenapa dipaksakan (program MBG ini) sampai minta2 bantuan (hutang) China? Silahkan disimak video podcast ini, anda akan berpikir... Apa iya begitu? ð¤

Kalau saya simpel saja :  Tak ada yg tak mungkin bagi yg berniat buruk... â£ï¸â ï¸","mbg makan bergizi gratis kenapa dipaksakan program mbg ini sampai meminta bantuan hutang china silahkan disimak video podcast ini anda akan berpikir apa iya begitu kalau saya simpel saja tak ada yang tak mungkin bagi yang berniat buruk",""
"1.86492776000039E+018","Program Makan Bergizi Gratis dari Presiden Prabowo lagi ramai dibahas!

Dengan Rp 10 ribu kira-kira bisa dapet apa saja ya? Yuk kita cek dalam video berikut!

#MBG #10ribu #MakanGratisBergizi #detikfinance https://t.co/0JcRJMs0f3","program makan bergizi gratis dari presiden prabowo lagi ramai dibahas dengan rp ribu kirakira bisa dapat apa saja ya yuk kita cek dalam video berikut mbg ribu makangratisbergizi detikfinance",""
"1.86350982307115E+018","Dewan Perwakilan Rakyat Daerah (DPRD) Kota Tangerang menyetujui alokasi anggaran Rp 30 miliar untuk program makan bergizi gratis (MBG) di sekolah pada 2025.

&lt; #MakanBergiziGratis #DPRDTangerang

https://t.co/3DmEJVZ76p","dewan perwakilan rakyat daerah dprd kota tangerang menyetujui alokasi anggaran rp miliar untuk program makan bergizi gratis mbg di sekolah pada lantai makanbergizigratis dprdtangerang",""
"1.86671040819273E+018","Program Makan Bergizi Nasional, guna Perbaikan Gizi, membangkitkan ekonomi kerakyatan, UMKM, petani dan nelayan, usaha catering dll.
Badan Gizi Nasional (BGN), PEKNAS dan seluruh Mitra Kerja MBG, bersinergi dukung penuh dan sukseskan Program MBG.
****
#PEKNAS
#BadanGiziNasional https://t.co/FelqlGxCHD","program makan bergizi nasional guna perbaikan gizi membangkitkan ekonomi kerakyatan umkm petani dan nelayan usaha catering dll badan gizi nasional bgn peknas dan seluruh mitra kerja mbg bersinergi dukung penuh dan sukseskan program mbg peknas badangizinasional",""
"1.86645438051952E+018","RaKor dan BimTek PEKNAS pada tanggal 7-9 Desember 2024 di Jakarta terkait Program MAKAN BERGIZI GRATIS (MBG).
Acara dihadiri oleh para Pengurus DPP,  DPW dan DPC PEKNAS seluruh Indonesia serta Badan Gizi Nasional (BGN), 
Para Vendor dan Investor MBG, 
*
*
#PEKNAS
#BGN https://t.co/2G0vZezQsk","rakor dan bimtek peknas pada tanggal desember di jakarta terkait program makan bergizi gratis mbg acara dihadiri oleh para pengurus dpp dpw dan dpc peknas seluruh indonesia serta badan gizi nasional bgn para vendor dan investor mbg peknas bgn",""
"1.86681676520607E+018","Gelaran BimTek dan RaKorNas yang dihadiri seluruh pengurus PEKNAS se-Indonesia, terkait PROGRAM PEMERINTAH yakni :
MAKAN BERGIZI GRATIS (MBG), dihadiri pula oleh Penanggung Jawab Program Badan Gizi Nasional (BGN), BP Taskin, juga para vendor/investor.
#PEKNAS 
#BadanGiziNasional https://t.co/uXQBLntVwJ","gelaran bimtek dan rakornas yang dihadiri seluruh pengurus peknas seindonesia terkait program pemerintah yakni makan bergizi gratis mbg dihadiri pula oleh penanggung jawab program badan gizi nasional bgn bp taskin juga para vendorinvestor peknas badangizinasional",""
"1.8650074693844E+018","Program MBG di Indonesia dirancang untuk mengatasi krisis gizi dan ketahanan pangan dengan belajar dari keberhasilan program serupa di sejumlah negara yang berhasil terlepas dari kirisis dan mempu meningkatkan kualitas hidup rakyat. 
#PEKNAS
#BadanGiziNasional
#EkonomiKerakyatan https://t.co/MhGwRLirgT","program mbg di indonesia dirancang untuk mengatasi krisis gizi dan ketahanan pangan dengan belajar dari keberhasilan program serupa di sejumlah negara yang berhasil terlepas dari kirisis dan mempu meningkatkan kualitas hidup rakyat peknas badangizinasional ekonomikerakyatan",""
"1.86702427986029E+018","Program Makan Bergizi Gratis (MBG) dipaksakan ditengah keterpurukan ekonomi RI. Akhirnya dibantu (hutang) China.
Apakah ada dampak positifnya bagi anak2 ? Secara teori ada, namun prakteknya ?
Kita tidak tahu, NKRI sedang dimakan rayapâ¼ï¸ jaga anak anda. 
~ Utas ~ https://t.co/YDrKmLjCEb","program makan bergizi gratis mbg dipaksakan ditengah keterpurukan ekonomi ri akhirnya dibantu hutang china apakah ada dampak positifnya bagi anak secara teori ada namun prakteknya kita tidak tahu nkri sedang dimakan rayap jaga anak anda utas",""
"1.86741086650287E+018","Para Nelayan dn Petani akan merasakan manfaat dari program Makan bergizi gratis. 
Karena sdh ditetapkan bahan dasar olahan MBG harus lokal. 
Mereka bisa mensuplai bahan dasar pangan, sayurÂ²an dn lauk-pauk.
Dengan demikian Ekonomi mereka bisa meningkat. 
#PEKNAS
#BadanGiziNasional https://t.co/eJHThTQxcT","para nelayan dan petani akan merasakan manfaat dari program makan bergizi gratis karena sudah ditetapkan bahan dasar olahan mbg harus lokal mereka bisa mensuplai bahan dasar pangan sayuran dan laukpauk dengan demikian ekonomi mereka bisa meningkat peknas badangizinasional",""
"1.86501517942528E+018","3 TUJUAN UTAMA Program MAKAN BERGIZI GRATIS (MBG) :
Tingkat kehadiran siswa makin
baik, Mencegah angka putus sekolah, Hasil pembelajaran makin optimal.
02.01.2025, Program berjalan oleh Badan Gizi Nasional, DPP-PEKNAS &amp; Mitra lainya.
#PEKNAS
#BadanGiziNasional
#EkonomiKerakyatan https://t.co/KNCnw8NGVK","tujuan utama program makan bergizi gratis mbg tingkat kehadiran siswa makin baik mencegah angka putus sekolah hasil pembelajaran makin optimal program berjalan oleh badan gizi nasional dpeknas amp mitra lainya peknas badangizinasional ekonomikerakyatan",""
"1.86536560030406E+018","Setidaknya ada empat kelompok sasaran utama program MBG tahap awal, yaitu::
â Anak sekolah
â Ibu hamil
â Ibu menyusui
â Anak balita. 
#PEKNAS
#BadanGiziNasional
#EkonomiKerakyatan https://t.co/DcuWIO750a","setidaknya ada empat kelompok sasaran utama program mbg tahap awal yaitu anak sekolah ibu hamil ibu menyusui anak balita peknas badangizinasional ekonomikerakyatan",""
"1.86702498054815E+018","Cooperative Business Forum 2024: Langkah Strategis Mendukung Program MBG -  https://t.co/QHsf9YxzPG https://t.co/O1AmA44Dzj","cooperative business forum langkah strategis mendukung program mbg",""
"1.8650077068868E+018","Program Makan Bergizi Gratis (MBG) dijadwalkan bergulir mulai 2 Januari 2025. Pada tahap awal, program ini akan berlangsung selama 3 bulan dengan menyasar 3 juta penerima manfaat dan dialokasikan anggaran sebesar Rp71 triliun dari APBN.
#PEKNAS
#BadanGiziNasional https://t.co/QPbOqbABFU","program makan bergizi gratis mbg dijadwalkan bergulir mulai januari pada tahap awal program ini akan berlangsung selama bulan dengan menyasar juta penerima manfaat dan dialokasikan anggaran sebesar rp triliun dari apbn peknas badangizinasional",""
"1.8679677131777E+018","#MakanBergiziMenuIkan tsb tak hanya menguatkan komitmen BPPSDM KP thd Program Prioritas Nasional dan Quick Win @kkpgoid saja, melainkan turut mendukung #Gemarikan dan program nasional #MBG serta meningkatkan konsumsi ikan sbg pemenuhan gizi bagi masyarakat. 

#SDMUnggul https://t.co/QxhLWJS7t7","makanbergizimenuikan tersebut tak hanya menguatkan komitmen bppsdm kp thd program prioritas nasional dan quick win saja melainkan turut mendukung gemarikan dan program nasional mbg serta meningkatkan konsumsi ikan sebagai pemenuhan gizi bagi masyarakat sdmunggul",""
"1.86718404643196E+018","SesKemenkop: Cooperative Business Forum 2024 Jadi Solusi Koperasi Masuk Rantai Pasok Program MBG https://t.co/4rmEVDJwGy","seskemenkop cooperative business forum jadi solusi koperasi masuk rantai pasok program mbg",""
"1.86521123118505E+018","Anggaran RP 10.000/Porsi Untuk Program MBG Sudah Layak

Pada tahun depan, pemerintah tetap menganggarkan Rp 71 T dalam APBN. Dengan begitu, sasaran penerima program makan bergizi gratis akan lebih bnyk secara bertahap

Gus baha rakyat jelata velove yati pesek miyabi #Bisadipegang https://t.co/HdwCEU5FSV","anggaran rp porsi untuk program mbg sudah layak pada tahun depan pemerintah tetap menganggarkan rp t dalam apbn dengan begitu sasaran penerima program makan bergizi gratis akan lebih banyak secara bertahap gus baha rakyat jelata velove yati pesek miyabi bisadipegang",""
"1.86700197977777E+018","Program MBG tanamkan nilai hidup hemat dan sehat pada anak, Makan siang gratis ini sebagai bagian dari penanaman dan pembiasaan pendidikan karakter bagi anak-anak
Hal tsb di ungkapkan oleh Mendikdasmen Abdul Mu'ti

Clara Shinta Arsenal Haaland Dik Malay 00.00 - 03.00 WIB https://t.co/LADGZXLCoU","program mbg tanamkan nilai hidup hemat dan sehat pada anak makan siang gratis ini sebagai bagian dari penanaman dan pembiasaan pendidikan karakter bagi anakanak hal tersebut di ungkapkan oleh mendikdasmen abdul muti clara shinta arsenal haaland dik malay wib",""
"1.86681483900132E+018","BimTek dan RaKorNas PEKNAS - BGN , dlm rangka koordinasi serta pemantapan Program MAKAN BERGIZI GRATIS (MBG) dgn para pengusaha dan pelaku UMKM serta vendor.
Acara dihadiri DPP PEKNAS, DPW dan DPC, serta pejabat BGN turut pula hadir pimpinan BP Taskin.
#PEKNAS
#BadanGiziNaaional https://t.co/26hgW4zpTv","bimtek dan rakornas peknas bgn dalam rangka koordinasi serta pemantapan program makan bergizi gratis mbg dengan para pengusaha dan pelaku umkm serta vendor acara dihadiri dpp peknas dpw dan dpc serta pejabat bgn turut pula hadir pimpinan bp taskin peknas badangizinaaional",""
"1.86713938472807E+018","Modeling Tambak Budi Daya Ikan Nila Salin (BINS) milik KKP di Karawang, Jawa Barat, memasuki masa produksi siklus kedua. Hasil panen ditargetkan dapat mendukung kebutuhan bahan baku program Makan Bergizi Gratis (MBG).
 
Klik: https://t.co/oQxBv2YSyd
#Agrina #KKP #MBG #Prabowo https://t.co/7f1LETkBB6","modeling tambak budi daya ikan nila salin bins milik kkp di karawang jawa barat memasuki masa produksi siklus kedua hasil panen ditargetkan dapat mendukung kebutuhan bahan baku program makan bergizi gratis mbg klik agrina kkp mbg prabowo",""
"1.86791660711858E+018","Baru dalam tahap simulasi, tetapi masyarakat begitu antusias dn mendapat respon positif. Badan Gizi Nasional dan PEKNAS, bersama Mitra Kerja baik pengusaha maupun pelaku UMKM akan terus bersinergi berupaya memberikan yg terbaik demi terlaksananya program MBG dgn baik. 
#PEKNAS https://t.co/eJq80FKLWO","baru dalam tahap simulasi tetapi masyarakat begitu antusias dan mendapat respon positif badan gizi nasional dan peknas bersama mitra kerja baik pengusaha maupun pelaku umkm akan terus bersinergi berupaya memberikan yang terbaik demi terlaksananya program mbg dengan baik peknas",""
"1.86343702767465E+018","Baca berita selengkapnya di website Asumsi: https://t.co/pklg5cVqh3

#MBG #MakanBergiziGratis #MakanGratis #Prabowo #Pemerintah #Pemerintahan #PrabowoSubianto #Nasional #Asumsico","baca berita selengkapnya di website asumsi mbg makanbergizigratis makangratis prabowo pemerintah pemerintahan prabowosubianto nasional asumsico",""
"1.86316460325931E+018","KKP Siap Pasok Ikan Bermutu untuk Program Makan Bergizi Gratis 

https://t.co/WXLL2eY1lg 
#mbg #kkp #ikan #bergizi https://t.co/Gq4YIkGz14","kkp siap pasok ikan bermutu untuk program makan bergizi gratis mbak kkp ikan bergizi",""
"1.86649705408594E+018","Prabowo: Makan Bergizi Gratis akan Berdayakan Ekonomi Pedesaan 
@prabowo 

https://t.co/GpE1OLQhCm
#presidenprabowo #mbg #dipa #tkd","prabowo makan bergizi gratis akan berdayakan ekonomi pedesaan presidenprabowo mbak dipa tkd",""
"1.8680785045183E+018","#MakanBergiziMenuIkan tsb tak hanya menguatkan komitmen BPPSDM KP thd Program Prioritas Nasional dan Quick Win @kkpgoid saja, melainkan turut mendukung #Gemarikan dan program nasional #MBG serta meningkatkan konsumsi ikan sbg pemenuhan gizi bagi masyarakat. 

#SDMUnggul https://t.co/vabOmj4lva","makanbergizimenuikan tersebut tak hanya menguatkan komitmen bppsdm kp thd program prioritas nasional dan quick win saja melainkan turut mendukung gemarikan dan program nasional mbg serta meningkatkan konsumsi ikan sebagai pemenuhan gizi bagi masyarakat sdmunggul",""
"1.86356986268744E+018","Anggaran Makan Bergizi Gratis Jadi Rp10 Ribu, Cak Imin: Masih Proses Simulasi 
@cakimiNOW 

https://t.co/MvVhRkATrx 
#cakimin #mbg #menkopm https://t.co/moxiYc9Ibh","anggaran makan bergizi gratis jadi rp ribu cak imin masih proses simulasi cakimin mbak menkopm",""
"1.86468824267691E+018","Daripada menu #MBG - Makan Bergizi Gratis yg cuma ceban itu gak jelas kandungan gizinya, mending mah bikin ginian dah.
Sources-nya banyak di semua daerah di Indonesia.
Dan nyambung juga dgn #FoodEstate. Mo dipanjit9n gak? Apa cuma gimmicks doang, General? ðð https://t.co/VhxWYPuO4W","daripada menu mbg makan bergizi gratis yang cuma ceban itu enggak jelas kandungan gizinya mending mah bikin beginian deh sourcesnya banyak di semua daerah di indonesia dan menyambung juga dengan foodestate mo dipanjitn enggak apa cuma gimmicks doang general",""
"1.8671729380024E+018","Pada pelaksanaan ini BRPBAP3 Maros menerapkan beberapa hal nih seperti makan bergizi Lauk utama Ikan, minimalkan food waste dengan makan metode prasmanan, Makan Bergizi tanpa nyampah, Sosialisasi Gemarikan, dan penyedian air bersih untuk siswa mencuci peralatan makan.
#MBG https://t.co/xZlzww1Dkh","pada pelaksanaan ini brpbap maros menerapkan beberapa hal nih seperti makan bergizi lauk utama ikan minimalkan food waste dengan makan metode prasmanan makan bergizi tanpa menyampah sosialisasi gemarikan dan penyedian air bersih untuk siswa mencuci peralatan makan mbg",""
"1.86793868463039E+018","#MakanBergiziMenuIkan tsb tak hanya menguatkan komitmen BPPSDM KP thd Program Prioritas Nasional dan Quick Win @kkpgoid saja, melainkan turut mendukung #Gemarikan dan program nasional #MBG serta meningkatkan konsumsi ikan sbg pemenuhan gizi bagi masyarakat. 

#SDMUnggul https://t.co/ro87mf3EFa","makanbergizimenuikan tersebut tak hanya menguatkan komitmen bppsdm kp thd program prioritas nasional dan quick win saja melainkan turut mendukung gemarikan dan program nasional mbg serta meningkatkan konsumsi ikan sebagai pemenuhan gizi bagi masyarakat sdmunggul",""
"1.86793403084456E+018","#MakanBergiziMenuIkan tsb tak hanya menguatkan komitmen BPPSDM KP thd Program Prioritas Nasional dan Quick Win @kkpgoid saja, melainkan turut mendukung #Gemarikan dan program nasional #MBG serta meningkatkan konsumsi ikan sbg pemenuhan gizi bagi masyarakat. 

#SDMUnggul https://t.co/ZBBjAg5Asd","makanbergizimenuikan tersebut tak hanya menguatkan komitmen bppsdm kp thd program prioritas nasional dan quick win saja melainkan turut mendukung gemarikan dan program nasional mbg serta meningkatkan konsumsi ikan sebagai pemenuhan gizi bagi masyarakat sdmunggul",""
"1.86344812700675E+018","Kalian makan 10K dapat apa manteman?
#makanbergizigratis
#kesmas","kalian makan k dapat apa manteman makanbergizigratis kesmas",""
"1.86717288650893E+018","Kamis, 12 Desember 2024 Dalam rangka memperingati hari Nusantara, BRPBAP3 Maros laksanakan kegiatan Makan Bergizi Gratis (MBG) di sejumlah lokasi diantaranya Kabupaten Maros, Kabupaten Barru, Kabuapten Takalar dan Kabupaten Gowa dengan total 2013 orang siswa.
#MakanBergiziGratis https://t.co/of6nxp4Ucb","kamis desember dalam rangka memperingati hari nusantara brpbap maros laksanakan kegiatan makan bergizi gratis mbg di sejumlah lokasi diantaranya kabupaten maros kabupaten barru kabuapten takalar dan kabupaten gowa dengan total orang siswa makanbergizigratis",""
"1.86505430651444E+018","Pemerintah Kota Tangerang Selatan (Tangsel) melaksanakan uji coba program makan bergizi gratis (MBG) di TK Negeri Pembina 1, Jalan Hidup Baru, Serua, Ciputat. BEL

Selengkapnya: https://t.co/FEnBD8Y9kn

#LintasiNewsSiang #makanbergizigratis #tangerangselatan https://t.co/ErlJCmlcqx","pemerintah kota tangerang selatan tangsel melaksanakan uji coba program makan bergizi gratis mbg di tk negeri pembina jalan hidup baru serua ciputat bel selengkapnya lintasinewssiang makanbergizigratis tangerangselatan",""
"1.86741353566147E+018","Presiden ke-5 RI Megawati Soekarnoputri meminta Presiden Prabowo Subianto untuk menghitung ulang anggaran program makan bergizi gratis sebesar Rp 10.000 per porsi. //MR

#Megawati #Prabowo #MakanBergiziGratis 
https://t.co/Z4hz8YBA80","presiden ke ri megawati soekarnoputri meminta presiden prabowo subianto untuk menghitung ulang anggaran program makan bergizi gratis sebesar rp per porsi mr megawati prabowo makanbergizigratis",""
"1.86637482097759E+018","Legislator Minta Tinjau Ulang Anggaran Makan Bergizi, Singgung Harga di Papua  https://t.co/8KPTEnlAx4 #DPRRI #MakanBergiziGratis #BonnieTriyana","legislator minta tinjau ulang anggaran makan bergizi singgung harga di papua dprri makanbergizigratis bonnietriyana",""
"1.8667858361693E+018","Dukung Program Makan bergizi, Legislator Usul 'One day One Fish'  https://t.co/7cbuTgsi6O #DPRRI #Riyono #MakanBergiziGratis","dukung program makan bergizi legislator usul one day one fish dprri riyono makanbergizigratis",""
"1.86752772099511E+018","Wakil Presiden #GibranRakabumingRaka mengatakan program #makanbergizigratis mendapat respons positif dari berbagai pihak. Wapres mengatakan program ini sangat strategis karena dapat meningkatkan perputaran uang mencapai 8 miliar rupiah per desa setiap tahunnya. https://t.co/A9sJG0DeLI","wakil presiden gibranrakabumingraka mengatakan program makanbergizigratis mendapat respons positif dari berbagai pihak wapres mengatakan program ini sangat strategis karena dapat meningkatkan perputaran uang mencapai miliar rupiah per desa setiap tahunnya",""
"1.86794779165973E+018","""Saya akan tuntaskan kelaparan didunia. Caranya dengan membun*h semua orang yang kelaparan.""
#MakanBergiziGratis #ChinaDebtTrap #wefagenda2030 https://t.co/UJq5Rz9czU","saya akan tuntaskan kelaparan didunia caranya dengan membunh semua orang yang kelaparan makanbergizigratis chinadebttrap wefagenda",""
"1.86382693441914E+018","Tinjau Budidaya Nila Salin Untuk Makan Bergizi Gratis, Prabowo Disambut Warga Karawang.
#budidayanila #prabowo #makanbergizigratis #karawang #ibenews https://t.co/TERUryNlrH","tinjau budidaya nila salin untuk makan bergizi gratis prabowo disambut warga karawang budidayanila prabowo makanbergizigratis karawang ibenews",""
"1.86717378456812E+018","Acara ditutup di Aula BRBIH dgn pemotongan tumpeng HUT Ke-25 DWP bertema Penguatan Fondasi Transformasi Organisasi Menuju Indonesia Emas 2045, diikuti foto bersama dgn DWP BPPSDM KP, pegawai BRBIH &amp; taruni Politeknik KP Sidoarjo

#SDMUnggul #KKPBeyond #MakanBergiziGratis https://t.co/9OoR6zN1pL","acara ditutup di aula brbih dengan pemotongan tumpeng hut ke dwp bertema penguatan fondasi transformasi organisasi menuju indonesia emas diikuti foto bersama dengan dwp bppsdm kp pegawai brbih amp taruni politeknik kp sidoarjo sdmunggul kkpbeyond makanbergizigratis",""
"1.86783188966046E+018","Tanggapi Megawati soal Makan Bergizi Gratis, Cak Imin: 10 Ribu itu Batas Minimal  https://t.co/rEZjc87s9S #megawatisoekarnoputri #CakImin #MakanBergiziGratis","tanggapi megawati soal makan bergizi gratis cak imin ribu itu batas minimal megawatisoekarnoputri cakimin makanbergizigratis",""
"1.86452007275426E+018","Kepala Badan Gizi Nasional Dadan Hindayana ikut buka suara. Dia bilang angka Rp 10 ribu per porsi merupakan hasil perhitungan rata-rata dari uji coba tahap awal yang telah dilakukan.

#Makanbergizigratis #programmakanbergizigratis #Prabowosubianto #prabowo #10ribu #detikfinance https://t.co/8kXfsVAu9Y","kepala badan gizi nasional dadan hindayana ikut buka suara dia bilang angka rp ribu per porsi merupakan hasil perhitungan ratarata dari uji coba tahap awal yang telah dilakukan makanbergizigratis programmakanbergizigratis prabowosubianto prabowo ribu detikfinance",""
"1.86677096123794E+018","Makan Bergizi Gratis Dorong Peredaran Ekonomi Sebesar 8 Miliar di Desa

#beritanasional #rabu #makanbergizigratis #presidenprabowo #makangratis #desa https://t.co/IUlSkjBbLf","makan bergizi gratis dorong peredaran ekonomi sebesar miliar di desa beritanasional rabu makanbergizigratis presidenprabowo makangratis desa",""
"1.86696392137625E+018","Makan Bergizi Gratis Rp 10 Ribu Cuma Dapat Nasi Telur di Kaltim, Pemprov Nombok Rp 7 Ribu

#TribunKaltim #MakanBergiziGratis #Kaltim
 
https://t.co/v6GcHQUHue lewat @tribunnews","makan bergizi gratis rp ribu cuma dapat nasi telur di kaltim pemprov nombok rp ribu tribunkaltim makanbergizigratis kaltim lewat",""
"1.86718697515507E+018","Pemerintah Kota Bandung bekerja sama dengan Kodim 0618/BS akan membangun dapur sehat atau Unit Pelayanan Makan Bergizi di atas lahan seluas 1.000 meter persegi milik Pemkot Bandung. //MN

#PemkotBandung #DapurSehat #MakanBergiziGratis
    https://t.co/T3JCuYMMLs","pemerintah kota bandung bekerja sama dengan kodim bs akan membangun dapur sehat atau unit pelayanan makan bergizi di atas lahan seluas meter persegi milik pemkot bandung mn pemkotbandung dapursehat makanbergizigratis",""
"1.86311672872697E+018","Menteri Agama Nasaruddin Umar memantau pelaksanaan simulasi makan siang bergizi gratis di pondok pesantren Kabupaten Polewali Mandar, Sulawesi Barat.

#menteriagama #nasaruddinumar #makanbergizigratis #pondokpesantren https://t.co/eay8pSClaq","menteri agama nasaruddin umar memantau pelaksanaan simulasi makan siang bergizi gratis di pondok pesantren kabupaten polewali mandar sulawesi barat menteriagama nasaruddinumar makanbergizigratis pondokpesantren",""
"1.86391608971488E+018","Di daerah kalian Rp10 ribu bisa makan apa? Share di kolomÂ komentarÂ ya!

#makanbergizigratis #anggaran #prabowosubianto #pinterpolitik #infografis #beritapolitik #politikinternasional #politikindonesia https://t.co/0c8JqC2XqU","di daerah kalian rp ribu bisa makan apa share di kolom komentar ya makanbergizigratis anggaran prabowosubianto pinterpolitik infografis beritapolitik politikinternasional politikindonesia",""
"1.86717294256574E+018","BRPBAP3 Maros berharap dapat mendukung program pemerintah dalam menyediakan makanan sehat bergizi bagi anak anak  untuk meningkatkan kesehatan dan gizi anak serta mendukung pertumbuhan fisik mental mereka.
#PanganBiru
#MakanBergiziGratis
#SailBeyondWithBlueEconomy
#2024KKPBeyond","brpbap maros berharap dapat mendukung program pemerintah dalam menyediakan makanan sehat bergizi bagi anak anak untuk meningkatkan kesehatan dan gizi anak serta mendukung pertumbuhan fisik mental mereka panganbiru makanbergizigratis sailbeyondwithblueeconomy kkpbeyond",""
"1.86717295934716E+018","Program ini juga mendukung perekonomian khususnya Kelompok Pengolahan dan Pemasaran Hasil Perikanan (Poklahsar) yang menyediakan bahan baku berupa produk olahan untuk disajikan sebagai menu utama makan bergizi gratis.
#PanganBiru
#MakanBergiziGratis
#SailBeyondWithBlueEconomy https://t.co/A0VnNeZ9Rv","program ini juga mendukung perekonomian khususnya kelompok pengolahan dan pemasaran hasil perikanan poklahsar yang menyediakan bahan baku berupa produk olahan untuk disajikan sebagai menu utama makan bergizi gratis panganbiru makanbergizigratis sailbeyondwithblueeconomy",""
"1.86357609190414E+018","Kepala Badan Gizi Nasional Dadan Hindayana mengatakan, biaya per porsi dari program makan bergizi gratis sebesar Rp 10.000 hanyalah rata-rata. //MR

#MakanBergiziGratis #BadanGiziNasional 
https://t.co/M4MiNYjM00","kepala badan gizi nasional dadan hindayana mengatakan biaya per porsi dari program makan bergizi gratis sebesar rp hanyalah ratarata mr makanbergizigratis badangizinasional",""
"1.86312929511336E+018","Menag Pastikan Santri Ponpes Juga Dapat MBG 
@Kemenag_RI 

https://t.co/p5b4fxbGZu 
#menag #nasaruddinumar #makanbergizigratis https://t.co/DtmbQwyg9U","menag pastikan santri ponpes juga dapat mbg menag nasaruddinumar makanbergizigratis",""
"1.86379529792491E+018","Presiden Prabowo Subianto menyatakan anggaran Makan Bergizi Gratis dipatok Rp 10 ribu per porsi untuk setiap penerima. Nominal itu sedikit berkurang dari kabar awal yang menyebutkan Makan Bergizi Gratis.
â£
&gt;&gt; https://t.co/tfNqsDNCIq

#detikfinance #MakanBergiziGratis https://t.co/e2MUiaUkL0","presiden prabowo subianto menyatakan anggaran makan bergizi gratis dipatok rp ribu per porsi untuk setiap penerima nominal itu sedikit berkurang dari kabar awal yang menyebutkan makan bergizi gratis gtgt detikfinance makanbergizigratis",""
"1.8665009352726E+018","Anggaran MBG Tembus Rp71 T, Diharapkan Mampu Gerakkan Ekonomi Rakyat https://t.co/4lt98GXp49 #AnggaranMakanBergiziGratis #EkonomiRakyat #MakanBergiziGratis #SriMulyani #Kemenkeu","anggaran mbg tembus rp t diharapkan mampu gerakkan ekonomi rakyat anggaranmakanbergizigratis ekonomirakyat makanbergizigratis srimulyani kemenkeu",""
"1.86741722879644E+018","Ketum PDIP Megawati Soekarno putri mengaku mendukung program #makanbergizigratis Presiden #Prabowo. Namun menurut #Megawati, anggaran 10 ribu rupiah/porsi tidak cukup di tengah harga bahan pokok yang naik. Megawati meminta Prabowo mengevaluasi harga program makan bergizi gratis. https://t.co/3UEXMGTC5Q","ketum pdip megawati soekarno putri mengaku mendukung program makanbergizigratis presiden prabowo namun menurut megawati anggaran ribu rupiahporsi tidak cukup di tengah harga bahan pokok yang naik megawati meminta prabowo mengevaluasi harga program makan bergizi gratis",""
"1.86416810164815E+018","Dengan bonus demografi yang melimpah, Indonesia harus memprioritaskan Makan Bergizi Gratis untuk membangun masa depan yang gemilang. #MakanBergiziGratis #IndonesiaEmas2045 #SwasembadaPangan https://t.co/6qxJOY51RE","dengan bonus demografi yang melimpah indonesia harus memprioritaskan makan bergizi gratis untuk membangun masa depan yang gemilang makanbergizigratis indonesiaemas swasembadapangan",""
"1.86526797026575E+018","@peknas_id Makan Ber-Gizi Gratis (MBG) oleh BGN bersama para Mitra Kerja, salah satunya DPP-PEKNAS dan jajarannya.
#BadanGiziNasional 
#MakanBergiziGratis
ðððð
#PEKNAS
#EkonomiKerakyatan https://t.co/DdOD5ONnDx","makan bergizi gratis mbg oleh bgn bersama para mitra kerja salah satunya dpeknas dan jajarannya badangizinasional makanbergizigratis peknas ekonomikerakyatan",""
"1.86595615873508E+018","Juru Bicara Kantor Komunikasi Kepresidenan Dedek Prayudi (Uki) mengungkapkan pedagang di kantin sekolah sempat resisten terhadap program makan bergizi gratis. //MR

#MakanBergiziGratis #DedekPrayudi 
https://t.co/hEP7tZXToK","juru bicara kantor komunikasi kepresidenan dedek prayudi uki mengungkapkan pedagang di kantin sekolah sempat resisten terhadap program makan bergizi gratis mr makanbergizigratis dedekprayudi",""
"1.86536449264289E+018","BadanGiziNasional (BGN)
sebagai penanggung jawab penuh sekaligus monitoring pelaksanaan Makan Ber-Gizi Gratis (MBG) bersama para Mitra Kerja, salah satunya DPP-PEKNAS dan jajarannya.
#BadanGiziNasional 
#MakanBergiziGratis
ðððð
#PEKNAS
#EkonomiKerakyatan https://t.co/gau5ghSKba","badangizinasional bgn sebagai penanggung jawab penuh sekaligus monitoring pelaksanaan makan bergizi gratis mbg bersama para mitra kerja salah satunya dpeknas dan jajarannya badangizinasional makanbergizigratis peknas ekonomikerakyatan",""
"1.8632004779048E+018","Kolaborasi bersama untuk menyukseskan program makan bergizi gratisâ¨

#MakanBergiziGratis
#CegahStunting
#IndonesiaEmas
#AstaCita https://t.co/oygt4fYpRM","kolaborasi bersama untuk menyukseskan program makan bergizi gratis makanbergizigratis cegahstunting indonesiaemas astacita",""
"1.86717375480958E+018","Kegiatan berlanjut ke Aquatic Hall dg edukasi makan ikan, games &amp; santunan anak yatim. Ketua DWP BPPSDM KP jg menyapa scr daring acara serupa di Satker lainnya. 

#SDMUnggul #KKPBeyond #MakanBergiziGratis 
#MakanBergiziGratisMenuIkan https://t.co/wixRntQ8Os","kegiatan berlanjut ke aquatic hall dengan edukasi makan ikan games amp santunan anak yatim ketua dwp bppsdm kp juga menyapa secara daring acara serupa di satker lainnya sdmunggul kkpbeyond makanbergizigratis makanbergizigratismenuikan",""
"1.8671298215555E+018","Demi Program MBG, Budi Arie Minta Pemda Perkuat Peran KUD 

https://t.co/dmw7lpLj5k 
#menkop #budiariesetiadi #makanbergizigratis #kud","demi program mbg budi arie minta pemda perkuat peran kud menkop budiariesetiadi makanbergizigratis kud",""
"1.86630798874479E+018","Gizi cukup, aman, dan ramah lingkungan untuk generasi sehat! ðð´
#IndonesiaEmas #PresidenPrabowo #MakanBergiziGratis https://t.co/ICEmEsh3vN","gizi cukup aman dan ramah lingkungan untuk generasi sehat indonesiaemas presidenprabowo makanbergizigratis",""
"1.86613945443775E+018","PENTINGNYA PASOKAN BAHAN PANGAN HINGGA KE DESA-DESA UNTUK MENDUKUNG PROGRAM MAKAN BERGIZI GRATIS

#MakanBergiziGratis
#bergizigratis
#cegahstunting
#Trending https://t.co/F5Hal51KzP","pentingnya pasokan bahan pangan hingga ke desadesa untuk mendukung program makan bergizi gratis makanbergizigratis bergizigratis cegahstunting trending",""
"1.86603213030597E+018","Dimulai Januari 2025, Intip Kesiapan Program Makan Bergizi Gratis di Bogor 
@prabowo 

https://t.co/FYDeIGzWHz
#makanbergizigratis #pco #presidenprabowo","dimulai januari intip kesiapan program makan bergizi gratis di bogor makanbergizigratis pco presidenprabowo",""
"1.86751834059774E+018","Senangnya Anak-Anak di SDN 3 Panji Kidul Saat Dibagikan Makan Pagi dan Susu Gratis

#astacita
#makanbergizi
#makanbergizigratis https://t.co/5odFnTH9XN","senangnya anakanak di sdn panji kidul saat dibagikan makan pagi dan susu gratis astacita makanbergizi makanbergizigratis",""
"1.86351434334388E+018","Menteri koordinator bidang pangan, Zulkifli Hasan mengaku tidak ikut rapat dalam pembahasan pemangkasan anggaran makan bergizi gratis yang akan mulai diterapkan pada tahun 2025 mendatang. 

#menteripangan #makanbergizigratis #kabinetmerahputih  #headlinenews #Metrotv https://t.co/nW9HT3MrrA","menteri koordinator bidang pangan zulkifli hasan mengaku tidak ikut rapat dalam pembahasan pemangkasan anggaran makan bergizi gratis yang akan mulai diterapkan pada tahun mendatang menteripangan makanbergizigratis kabinetmerahputih headlinenews metrotv",""
"1.86605349343975E+018","Kapasitas Produksi 3 Ribu Porsi per Hari, SPPG Tanah Sareal Bogor Jadi Dapur Makan Bergizi Pertama di Indonesia 

https://t.co/Cr2Lls0uIQ 
#makanbergizigratis #sppg #tanahsareal #bogor","kapasitas produksi ribu porsi per hari sppg tanah sareal bogor jadi dapur makan bergizi pertama di indonesia makanbergizigratis sppg tanahsareal bogor",""
"1.8652871014594E+018","GoTo mendukung 3 juta porsi Makan Bergizi Gratis untuk generasi sehat Indonesia! ðð´
#IndonesiaEmas #PresidenPrabowo #MakanBergiziGratis #bergizigratis #cegahstunting https://t.co/RueBAVjYp0","goto mendukung juta porsi makan bergizi gratis untuk generasi sehat indonesia indonesiaemas presidenprabowo makanbergizigratis bergizigratis cegahstunting",""
"1.86320044539028E+018","Kolaborasi bersama untuk menyukseskan program makan bergizi gratisâ¨

#MakanBergiziGratis
#CegahStunting
#IndonesiaEmas
#AstaCita https://t.co/Wlr30SGozs","kolaborasi bersama untuk menyukseskan program makan bergizi gratis makanbergizigratis cegahstunting indonesiaemas astacita",""
"1.86740408198966E+018","Setuju Program Makan Bergizi Gratis, Megawati Soroti Anggaran Rp 10 Ribu Per Anak

#beritanasional #jumat #makanbergizigratis #megawati #anggaranmakangratis https://t.co/6AwwDpYtJR","setuju program makan bergizi gratis megawati soroti anggaran rp ribu per anak beritanasional jumat makanbergizigratis megawati anggaranmakangratis",""
"1.86711270244502E+018","Menteri Agama (Menag) Nasaruddin Umar menegaskan semua anak bangsa, termasuk santri, juga harus mendapatkan program makan bergizi gratis, sama seperti anak-anak di sekolah umum. //MR

#Menag #MakanBergiziGratis #NasaruddinUmar #Santri 
https://t.co/Opy3gtgr30","menteri agama menag nasaruddin umar menegaskan semua anak bangsa termasuk santri juga harus mendapatkan program makan bergizi gratis sama seperti anakanak di sekolah umum mr menag makanbergizigratis nasaruddinumar santri",""
"1.86677398984426E+018","Diktilitbang Muhammadiyah-UMS Kerja Sama dengan BGN Supervisi Makan Bergizi Gratis 
#MakanBergiziGratis #DiktilitbangMuhammadiyah #BadanGiziNasional #PTMA #UMS #UniversitasMuhammadiyahSurakarta
https://t.co/aEfrP65Ymy","diktilitbang muhammadiyahums kerja sama dengan bgn supervisi makan bergizi gratis makanbergizigratis diktilitbangmuhammadiyah badangizinasional ptma ums universitasmuhammadiyahsurakarta",""
"1.86608908882008E+018","@in_radiarta smpaikan dkungan BPPSDM @kkpgoid dan strategi tngkatkn knsumsi ikan, diantaranya Pningkatan prduksi ikan, Pnguatan logistik &amp; rantai dingin, Promosi &amp; prluasan pasar, dan Diversifikasi produk. Wujud sinerginya ialah lewat #MakanBergiziGratis Menu Ikan. 

#SDMUnggul https://t.co/yU4lC5rGyl","smpaikan dkungan bppsdm dan strategi tngkatkn knsumsi ikan diantaranya pningkatan prduksi ikan pnguatan logistik amp rantai dingin promosi amp prluasan pasar dan diversifikasi produk wujud sinerginya ialah lewat makanbergizigratis menu ikan sdmunggul",""
"1.86713050539481E+018","Dukung Program Presiden Prabowo, HNSI Gelar Makan Bergizi Gratis di Seluruh Indonesia 

https://t.co/YBPAePIjUy 
#makanbergizigratis #presidenprabowo #hnsi #nelayanindonesia","dukung program presiden prabowo hnsi gelar makan bergizi gratis di seluruh indonesia makanbergizigratis presidenprabowo hnsi nelayanindonesia",""
"1.86453727480295E+018","Saat ini angka konsumsi ikan di Kabupaten Bekasi masih berada di lima besar kota dan kabupaten di Provinsi Jawa Barat. Iman meyakini angka konsumsi ikan akan terus meningkat di tahun 2025 mendatang.

(3/3)

#MakanBergiziGratis #ikan https://t.co/NvgvqOgy3q","saat ini angka konsumsi ikan di kabupaten bekasi masih berada di lima besar kota dan kabupaten di provinsi jawa barat iman meyakini angka konsumsi ikan akan terus meningkat di tahun mendatang makanbergizigratis ikan",""
"1.86453316563074E+018","Program makan bergizi gratis, langkah nyata mencerdaskan anak-anak bangsa! ðâ¨
#IndonesiaEmas #PresidenPrabowo #MakanBergiziGratis #bergizigratis #cegahstunting https://t.co/IaRHdLB3UT","program makan bergizi gratis langkah nyata mencerdaskan anakanak bangsa indonesiaemas presidenprabowo makanbergizigratis bergizigratis cegahstunting",""
"1.8679218581103E+018","Apakah Indonesia kekurangan Sapi sampai harus impor 1,2 juta sapi perah? Lebih baik optimalkan yang sudah ada!  @HindunAnisah_ @hindunanisahpkb @DPP_PKB @FraksiPKB 

#pkb #imporsapi #makanbergizigratis https://t.co/DJBr7W7qV9","apakah indonesia kekurangan sapi sampai harus impor juta sapi perah lebih baik optimalkan yang sudah ada pkb imporsapi makanbergizigratis",""
"1.86461801315846E+018","PDIP Angkat Bicara Terkait pernyataan Presiden Prabowo soal anggaran makan bergizi gratis Rp 10 ribu per porsi, PDIP mengaku belum melakukan kajian apakah angka tersebut realistis. 

#kanalsa #makanbergizigratis #prabowosubiantopresiden #beritapolitikindonesia #indonesiaupdate https://t.co/ClLWOXydm4","pdip angkat bicara terkait pernyataan presiden prabowo soal anggaran makan bergizi gratis rp ribu per porsi pdip mengaku belum melakukan kajian apakah angka tersebut realistis kanalsa makanbergizigratis prabowosubiantopresiden beritapolitikindonesia indonesiaupdate",""
"1.86709262140928E+018","Makan Bergizi Gratis, angkat desa kita! #IndonesiaEmas #PresidenPrabowo #MakanBergiziGratis #bergizigratis #cegahstunting https://t.co/GKledcu99O","makan bergizi gratis angkat desa kita indonesiaemas presidenprabowo makanbergizigratis bergizigratis cegahstunting",""
"1.8632449930808E+018","@acbsurd Di Jogja 10rb dpt nasi padang lauk ayam goreng.

Kalau case by case ya gak bisa diukur karena rata2 nasi ayam sdh 15rb. Lauk ikan laut/seafood lebih mahal lg.

Kalau mau hemat &amp; SEHAT ya nasi rames lauk telur opor &amp; tempe. Pas 10rb.

Kalau #MakanBergiziGratis harusnya &gt;10rb.","di jogja ribu dapat nasi padang lauk ayam goreng kalau case by case ya enggak bisa diukur karena rata nasi ayam sudah ribu lauk ikan lautseafood lebih mahal lagi kalau mau hemat amp sehat ya nasi rames lauk telur opor amp tempe pas ribu kalau makanbergizigratis harusnya gtrb",""
"1.86416811056944E+018","Program Makan Bergizi Gratis menjadi trigger, memacu kesadaran bangsa dalam meningkatkan kesehatan masyarakat #MakanBergiziGratis #IndonesiaEmas2045 #SwasembadaPangan https://t.co/Vy1FRVnak8","program makan bergizi gratis menjadi trigger memacu kesadaran bangsa dalam meningkatkan kesehatan masyarakat makanbergizigratis indonesiaemas swasembadapangan",""
"1.86470603200785E+018","Perbedaan 10 Ribu yang DIBELI di Warung Makan dengan 10 Ribu yang DIPRODUKSI dalam program Makan Bergizi Gratis. #Peace #MakanBergiziGratis https://t.co/xwWgvyIesD","perbedaan ribu yang dibeli di warung makan dengan ribu yang diproduksi dalam program makan bergizi gratis peace makanbergizigratis",""
"1.86528647314844E+018","Kolaborasi GoTo dan pemerintah untuk wujudkan Indonesia bebas stunting melalui program MBG! ð¤ð®ð©
#IndonesiaEmas #PresidenPrabowo #MakanBergiziGratis #bergizigratis #cegahstunting https://t.co/eCjkLVHl6t","kolaborasi goto dan pemerintah untuk wujudkan indonesia bebas stunting melalui program mbg indonesiaemas presidenprabowo makanbergizigratis bergizigratis cegahstunting",""
"1.8635692644454E+018","Melibatkan ibu adalah kunci keberhasilan program makan bergizi gratis ðð @cakiminow 

#makanbergizigratis #gusmuhaimin #menkopm https://t.co/M0nGLcTHhv","melibatkan ibu adalah kunci keberhasilan program makan bergizi gratis makanbergizigratis gusmuhaimin menkopm",""
"1.86377954417773E+018","Hai #SahabatBahari,
KKP berdayakan masyarakat yang tinggal di sekitar tambak Budidaya Ikan Nila Salin (BINS) Karawang ikut andil sebagai pembudidaya dan pengelola tambak ikan nila terbesar ini. Simak yah videonya. 
#MakanBergiziGratis #BINSKarawang #NilaSalin #PrabowoTrenggono https://t.co/tmHF6W7AYi","hai sahabatbahari kkp berdayakan masyarakat yang tinggal di sekitar tambak budidaya ikan nila salin bins karawang ikut andil sebagai pembudidaya dan pengelola tambak ikan nila terbesar ini simak ya videonya makanbergizigratis binskarawang nilasalin prabowotrenggono",""
"1.86310074584498E+018","Hehehe...dapat apa per anaknya dengan Rp. 10.000,- minus biaya-pajak, Bro @willsarana? ð¤­
Cc: @DPR_RI @prabowo @dprddkijakarta @DKIJakarta @psi_id
#MakanBergiziGratis
#Jakarta
#Indonesia
#NKRI https://t.co/66aOBaqRn9","hehehedapat apa per anaknya dengan rp minus biayapajak bro cc makanbergizigratis jakarta indonesia nkri",""
"1.86645087089404E+018","Gizi cukup, aman, dan ramah lingkungan untuk generasi sehat! ð

ð´ #IndonesiaEmas #PresidenPrabowo #MakanBergiziGratis #bergizigratis #cegahstunting
#Isam https://t.co/2q8ZGo3qRT","gizi cukup aman dan ramah lingkungan untuk generasi sehat indonesiaemas presidenprabowo makanbergizigratis bergizigratis cegahstunting isam",""
"1.86785308318916E+018","Manfaatkan Program MBG untuk kesehatan, ekonomi, dan kesejahteraan desa #IndonesiaEmas #PresidenPrabowo #MakanBergiziGratis #bergizigratis #cegahstunting #beritaviral https://t.co/LEh34nfzgJ","manfaatkan program mbg untuk kesehatan ekonomi dan kesejahteraan desa indonesiaemas presidenprabowo makanbergizigratis bergizigratis cegahstunting beritaviral",""
"1.86321609165443E+018","Pemkab #Tulungagung nglakoni uji coba program #MakanBergiziGratis seng digagas Presiden @prabowo Subianto Jumat (29/11/2024) kae. Patang SD dadi sasaran, yokui SDN 03 Pelem, SDN Plandaan, SDN Mulyosari karo SDN Jabalsari.

https://t.co/BR45wSEpN3
#KacamataTulungagung #MakanGratis https://t.co/J6xlwhpoGB","pemkab tulungagung nglakoni uji coba program makanbergizigratis seng digagas presiden subianto jumat kae patang sd dadi sasaran yokui sdn pelem sdn plandaan sdn mulyosari karo sdn jabalsari kacamatatulungagung makangratis",""
"1.87402404289573E+018","Ini Syarat untuk Ikut Kemitraan Program Makan Bergizi Gratis dari Badan Gizi Nasional https://t.co/LSmJ561au2 https://t.co/lxxCldvASf","ini syarat untuk ikut kemitraan program makan bergizi gratis dari badan gizi nasional",""
"1.87336638505485E+018","Makan Bergizi Gratis ala Maling https://t.co/M3yelAwBTn","makan bergizi gratis ala maling",""
"1.87361267653172E+018","Pengusaha Katering di Bantul Diminta Hati-Hati dan Tal Tergiur dengan Tawaran Penyedia Program Makan Bergizi Gratis https://t.co/2uJ6Mc3RBv https://t.co/BoCjlJQXdY","pengusaha katering di bantul diminta hatihati dan tal tergiur dengan tawaran penyedia program makan bergizi gratis",""
"1.87364998806625E+018","Program Makan Bergizi Gratis Mesti Libatkan Peran Dokter Hewan
https://t.co/xu3E3GaZWz","program makan bergizi gratis mesti libatkan peran dokter hewan",""
"1.87356750607146E+018","Dugaan percobaan penipuan dengan modus program makan bergizi gratis (MBG) dilaporkan terjadi di Magelang, Jawa Tengah.

https://t.co/JAZmLSxUms https://t.co/qH3VoTgBJC","dugaan percobaan penipuan dengan modus program makan bergizi gratis mbg dilaporkan terjadi di magelang jawa tengah",""
"1.87367733785182E+018","Puluhan pengusaha katering di Kediri menjadi korban dugaan penipuan yang dilakukan oleh seorang oknum berinisial M, dengan modus iming-iming bergabung dalam program MBG atau makan bergizi gratis.

Program tersebut disebut-sebut sebagai inisiatif pemerintah yang digagas Presiden https://t.co/JpbF5x3mYR","puluhan pengusaha katering di kediri menjadi korban dugaan penipuan yang dilakukan oleh seorang oknum berinisial m dengan modus imingiming bergabung dalam program mbg atau makan bergizi gratis program tersebut disebutsebut sebagai inisiatif pemerintah yang digagas presiden",""
"1.87390126386119E+018","Program Makan bergizi gratis belum dilaksanakan pemerintah, sdh muncul berbagai modus penipuan berkedok program makan bergizi gratis.

Sebelumnya terjadi di Kediri, pengusaha catering sampai rugi Rp.72 Juta, sekarang terjadi di Magelang.

Rusak moral bangsa ini. https://t.co/oIpk1Nm51y","program makan bergizi gratis belum dilaksanakan pemerintah sudah muncul berbagai modus penipuan berkedok program makan bergizi gratis sebelumnya terjadi di kediri pengusaha catering sampai rugi rp juta sekarang terjadi di magelang rusak moral bangsa ini",""
"1.8739992212188E+018","Pemerintah lagi mencari calon mitra untuk bantu Program Makan Bergizi Gratis. Kemitraan ini terbuka untuk umum, tapi ada syaratnya termasuk menyiapkan pendanaan, area operasi, hingga sumber daya manusia.

Tertarik daftar? Simak di sini.

#bisnisupdate #update #bisnis #carousel https://t.co/ZMoO1ApWVT","pemerintah lagi mencari calon mitra untuk bantu program makan bergizi gratis kemitraan ini terbuka untuk umum tapi ada syaratnya termasuk menyiapkan pendanaan area operasi hingga sumber daya manusia tertarik daftar simak di sini bisnisupdate update bisnis carousel",""
"1.87371661617494E+018","Diiming-imingi jadi pemasok makan bergizi gratis, Sebanyak 72 pengusaha catering ini malah kena tipu! Uang sejumlah 1 juta rupiah raib seketikað¥²

#GarudaTV #Laporan8 #viral #makanbergizigratis #makanbergizi https://t.co/RAtlU5PdL4","diimingimingi jadi pemasok makan bergizi gratis sebanyak pengusaha catering ini malah kena tipu uang sejumlah juta rupiah raib seketika garudatv laporan viral makanbergizigratis makanbergizi",""
"1.86972940140479E+018","Presiden Prabowo Subianto mengaku kerap diejek terkait program makan bergizi gratis. Bahkan, Prabowo merasa heran lantaran ada profesor yang tidak setuju terkait program tersebut. https://t.co/YzQtne80of","presiden prabowo subianto mengaku kerap diejek terkait program makan bergizi gratis bahkan prabowo merasa heran lantaran ada profesor yang tidak setuju terkait program tersebut",""
"1.87364818042186E+018","Makan Bergizi Gratis: Proyek Gizi Anak atau Ajang Maling Triliunan

Program Makan Bergizi Gratis yg digadang-gadang pemerintah kedengerannya mulia banget. program beginian cuma ngasih maling berjamaah. Rp71 triliun, bro! gede banget.

[Oneng, caca tengker, Tessy, Yoona] https://t.co/6b1jmZSLj0","makan bergizi gratis proyek gizi anak atau ajang maling triliunan program makan bergizi gratis yang digadanggadang pemerintah kedengerannya mulia banget program beginian cuma mengasih maling berjamaah rp triliun bro gede banget oneng caca tengker tessy yoona",""
"1.87397982614896E+018","Pemerintah ajak UMKM jadi Mitra Makan Bergizi Gratis
UNTUK MENCEGAH PENIPUAN pastikan HANYA DAFTAR Di link Resmi BGN yang  ini ðð¼ https://t.co/N8pBanYed3

Selengkapnya 

https://t.co/e1zRrgQyw4 https://t.co/MoVIPv1sUO","pemerintah ajak umkm jadi mitra makan bergizi gratis untuk mencegah penipuan pastikan hanya daftar di link resmi bgn yang ini selengkapnya",""
"1.87357865104185E+018","Program Makan Bergizi Gratis Dijadikan Modus Penipuan, DPR Desak Polisi Turun Tangan #MakanBergiziGratis #FraksiPKB

@zainul_munas 

https://t.co/OlMULZr9Kz","program makan bergizi gratis dijadikan modus penipuan dpr desak polisi turun tangan makanbergizigratis fraksipkb",""
"1.87367037352013E+018","Peneliti Ekonomi Center of Economic and Law Studies (Celios) Bakhrul Fikri menjelaskan program Makan Bergizi Gratis (MBG) bisa menjadi lahan korupsi. Berikut 4 sektor yang berpotensi menjadi lahan korupsi tersebutâ¦ https://t.co/4SimTbwuk6","peneliti ekonomi center of economic and law studies celios bakhrul fikri menjelaskan program makan bergizi gratis mbg bisa menjadi lahan korupsi berikut sektor yang berpotensi menjadi lahan korupsi tersebut",""
"1.87360484542239E+018","Puluhan pengusaha katering di Kediri, Jawa Timur, menjadi korban penipuan lantaran diiming-imingi menjadi pemasok dalam program Makan Bergizi Gratis (MBG). Puluhan korban itu diduga menderita kerugian total hingga Rp70 juta. https://t.co/SIm1kbhqXZ","puluhan pengusaha katering di kediri jawa timur menjadi korban penipuan lantaran diimingimingi menjadi pemasok dalam program makan bergizi gratis mbg puluhan korban itu diduga menderita kerugian total hingga rp juta",""
"1.87400255995189E+018","Center of Economic and Law Studies (Celios) menilai program Makan Bergizi Gratis masih belum siap dilaksanakan sepenuhnya. Mekanisme program MBG dinilai Celios masih suka berubah-ubah. https://t.co/yPTZX7KaKt","center of economic and law studies celios menilai program makan bergizi gratis masih belum siap dilaksanakan sepenuhnya mekanisme program mbg dinilai celios masih suka berubahubah",""
"1.86996847042066E+018","Prabowo sindir profesor yang tak setuju dengan program Makan Bergizi Gratis. Ia mengatakan profesor tersebut pintar otaknya, tapi tidak dengan hatinya. https://t.co/Y2w2gflNbN","prabowo sindir profesor yang tak setuju dengan program makan bergizi gratis ia mengatakan profesor tersebut pintar otaknya tapi tidak dengan hatinya",""
"1.87366465593744E+018","Muhammadiyah mengkhawatirkan jika pemerintah melibatkan TNI dalam mengelola program Makan Bergizi Gratis (MBG) yang bakal diimplementasikan pada awal tahun depan. https://t.co/WZK4kDXbGD","muhammadiyah mengkhawatirkan jika pemerintah melibatkan tni dalam mengelola program makan bergizi gratis mbg yang bakal diimplementasikan pada awal tahun depan",""
"1.87393338916355E+018","Program Makan Bergizi Gratis Jadi Modus Penipuan, BGN Minta Korban Lapor Polisi
https://t.co/dI9rLeK8KY","program makan bergizi gratis jadi modus penipuan bgn minta korban lapor polisi",""
"1.87373747369378E+018","43 pemilik katering menuntut uang jaminan yg tlh disetorkan untuk menjadi pemasok MBG 
Komandan Kodim (Dandi) 0809/Kediri Letkol Inf Ragil Jaka Utama, mengatakan jika saat ini tidak ada pengadaan tender penawaran sebagai supplier program Makan Bergizi Gratis.

#TumpasKorupsiEdan https://t.co/Oawj0naSWg","pemilik katering menuntut uang jaminan yang tlh disetorkan untuk menjadi pemasok mbg komandan kodim dandi kediri letkol inf ragil jaka utama mengatakan jika saat ini tidak ada pengadaan tender penawaran sebagai supplier program makan bergizi gratis tumpaskorupsiedan",""
"1.87341371525895E+018","makan bergizi ini penting diawasi sama orang tua anaknya masingÂ² ... btw guys mulai pake kata makan bergizi tanpa gratis. karna ga ada yg gratis di negara ini. lebih ke soal kalau pake term gratis kadang rakyat jd abai dan ga mengawasi.","makan bergizi ini penting diawasi sama orang tua anaknya masing btw guys mulai pakai kata makan bergizi tanpa gratis karena enggak ada yang gratis di negara ini lebih ke soal kalau pakai term gratis kadang rakyat jadi abai dan enggak mengawasi",""
"1.87357086824229E+018","Program Makan Bergizi Gratis (MBG) telah dianggarkan oleh Pemkab Badung melalui Dinas Pendidikan, Kepemudaan, dan Olahraga (Disdikpora).
https://t.co/UzU9VJJjWM","program makan bergizi gratis mbg telah dianggarkan oleh pemkab badung melalui dinas pendidikan kepemudaan dan olahraga disdikpora",""
"1.87372798793129E+018","Pelaksanaan Program Makan Bergizi Gratis (MBG), penyiapan SDM unggul, ketahanan pangan, sampai sistem birokrasi pemerintah yang bersih adalah pembahasan yang disampaikan langsung oleh Presiden Prabowo Subianto dalam acara Musrenbangnas https://t.co/dt90W7PCCl","pelaksanaan program makan bergizi gratis mbg penyiapan sdm unggul ketahanan pangan sampai sistem birokrasi pemerintah yang bersih adalah pembahasan yang disampaikan langsung oleh presiden prabowo subianto dalam acara musrenbangnas",""
"1.87397235715018E+018","Peneliti Ekonomi Center of Economic and Law Studies (Celios), Bakhrul Fikri, menyebut susu tidak bisa digantikan daun kelor dalam program Makan Bergizi Gratis. Kandungan kalsium pada susu berbeda dengan kandungan pada daun kelor. https://t.co/CjZVGbU915","peneliti ekonomi center of economic and law studies celios bakhrul fikri menyebut susu tidak bisa digantikan daun kelor dalam program makan bergizi gratis kandungan kalsium pada susu berbeda dengan kandungan pada daun kelor",""
"1.87393089066309E+018","Kepala Bappenas Jelaskan Dampak dari Program Makan Bergizi Gratis #BNetwork
https://t.co/GieSkKhf5y","kepala bappenas jelaskan dampak dari program makan bergizi gratis bnetwork",""
"1.87322068529387E+018","Viral di media sosial  

Puluhan Pemilik Katering Tertipu Rp 72 Juta, Dijanjikan Jadi Pemasok Makan Bergizi Gratis oleh oknum Pokmas.(27/12/2024)

Para pemilik katering tergiur karena dijanjikan ada kontrak 1 Periode kekuasaan (5th),

 Lokasi.Kediri.

PROGRAMNYA BELUM JALAN https://t.co/YKhRAY6KcI","viral di media sosial puluhan pemilik katering tertipu rp juta dijanjikan jadi pemasok makan bergizi gratis oleh oknum pokmas para pemilik katering tergiur karena dijanjikan ada kontrak periode kekuasaan tahu lokasikediri programnya belum jalan",""
"1.8732178587941E+018","Sejumlah Pengusaha Catering Tertipu Makan Bergizi Gratis, Catut Nama Kodim 
https://t.co/8qWMuknRUg","sejumlah pengusaha catering tertipu makan bergizi gratis catut nama kodim",""
"1.87361384323629E+018","PROGRAMNYA BELUM JALAN KORUPSINYA DULUAN

Viral di media sosial, Puluhan pemilik katering di Kediri, diduga tertipu Rp 72 juta lantaran dijanjikan jadi pemasok makan bergizi gratis oleh oknum Pokmas, Jum'at (27/12/2024)

Para pemilik katering tergiur dengan ajakan bisnis itu, https://t.co/1VLEItpcqU","programnya belum jalan korupsinya duluan viral di media sosial puluhan pemilik katering di kediri diduga tertipu rp juta lantaran dijanjikan jadi pemasok makan bergizi gratis oleh oknum pokmas jumat para pemilik katering tergiur dengan ajakan bisnis itu",""
"1.87257237819198E+018","Daun kelor disebut bisa memenuhi kebutuhan gizi yang biasanya didapatkan lewat susu nih.ð¯ Berikut informasi selengkapnya.
https://t.co/HZxmFWoXFu","daun kelor disebut bisa memenuhi kebutuhan gizi yang biasanya didapatkan lewat susu nih berikut informasi selengkapnya",""
"1.87406303401806E+018","Ketua Komite III DPD RI Filep Wamafma mengecam dugaan kewajiban pembelian wadah dalam program makan bergizi gratis (PMBG) oleh orang tua di sebuah sekolah yang viral di media sosial. Ia menegaskan bahwa program ini harus sepenuhnya gratis tanpa pungutan apapun bagi penerima https://t.co/PAPUF1x9g8","ketua komite i dpd ri filep wamafma mengecam dugaan kewajiban pembelian wadah dalam program makan bergizi gratis pmbg oleh orang tua di sebuah sekolah yang viral di media sosial ia menegaskan bahwa program ini harus sepenuhnya gratis tanpa pungutan apapun bagi penerima",""
"1.87397134628941E+018","Program Makan Bergizi Gratis (MBG) sebentar lagi mulai dijalankan. Badan Gizi Nasional (BGN) membuka persyaratan calon mitra untuk memenuhi menu MBG. Seperti apa? https://t.co/CobrWqWcma","program makan bergizi gratis mbg sebentar lagi mulai dijalankan badan gizi nasional bgn membuka persyaratan calon mitra untuk memenuhi menu mbg seperti apa",""
"1.87043932398993E+018","Dinas Pendidikan Kepemudaan dan Olahraga (Disdikpora) Kota Denpasar menguji coba makan bergizi gratis di SDN 17 Dangin Puri dan SD 3 Renon. Makanan yang disajikan Rp 15 ribu per porsi.

#detikcom https://t.co/jfrxiySfvt","dinas pendidikan kepemudaan dan olahraga disdikpora kota denpasar menguji coba makan bergizi gratis di sdn dangin puri dan sd renon makanan yang disajikan rp ribu per porsi detikcom",""
"1.8738669136272E+018","Waspada Pungli dalam Realisasi Program Makan Bergizi Gratis  https://t.co/ONaerScrD1","waspada pungli dalam realisasi program makan bergizi gratis",""
"1.87354685781908E+018","Ada Dugaan Pungli dalam Makan Bergizi Gratis, Wamendikdasmen: Sekolah Jangan Memberatkan Siswa! https://t.co/q9I9b1aiA1","ada dugaan pungli dalam makan bergizi gratis wamendikdasmen sekolah jangan memberatkan siswa",""
"1.87367162193393E+018","TNI AU telah menyiapkan tujuh Pangkalan Udara TNI AU (Lanud) di Pulau Jawa untuk mendukung pelaksanaan program makan bergizi gratis. https://t.co/FsANmWV73Q","tni au telah menyiapkan tujuh pangkalan udara tni au lanud di pulau jawa untuk mendukung pelaksanaan program makan bergizi gratis",""
"1.87375905905021E+018","Video: Manfaat Susu Tak Bisa Diganti Daun Kelor di Program Makan Bergizi Gratis https://t.co/1rn59blci4","video manfaat susu tak bisa diganti daun kelor di program makan bergizi gratis",""
"1.87361547669967E+018","Muhammadiyah Khawatir Jika TNI Dilibatkan Urus Makan Bergizi Gratis https://t.co/NlnFVgLa0r","muhammadiyah khawatir jika tni dilibatkan urus makan bergizi gratis",""
"1.87387166098373E+018","Waspada Pungli dalam Realisasi Program Makan Bergizi Gratis https://t.co/w9YzuCPuty","waspada pungli dalam realisasi program makan bergizi gratis",""
"1.87399905515375E+018","âPercayalah, ujungnya nanti gubernur, bupati yang akan merasakan. Contoh, Dana Desa sekarang Rp 1 miliar per tahun. Dengan program makan bergizi gratis, uang yang beredar di desa mungkin akan naik, 5â6 kali, 7 kali,"" kata Prabowo | #Prabowo 
https://t.co/qzU3EWaqkT","percayalah ujungnya nanti gubernur bupati yang akan merasakan contoh dana desa sekarang rp miliar per tahun dengan program makan bergizi gratis uang yang beredar di desa mungkin akan naik kali kali kata prabowo prabowo",""
"1.87322170710181E+018","Soal Makan Bergizi Gratis di Kediri , Semua Saling Klaim Menjadi Korban Penipuan
https://t.co/vdy3etCNOS","soal makan bergizi gratis di kediri semua saling klaim menjadi korban penipuan",""
"1.87330510247339E+018","Belum Terlaksana Sudah Merugikan Rakyat, Makan Bergizi Gratis Menjadi Sasaran Bisnis Sampai Target Penipuan

Pelaksanaan program Makan Bergizi Gratis yang digagas Presiden Prabowo Subianto bersama wakilnya, masih menyisakan buntut yang panjang. Bukan hanya menjadi bahan https://t.co/graVVLRSts","belum terlaksana sudah merugikan rakyat makan bergizi gratis menjadi sasaran bisnis sampai target penipuan pelaksanaan program makan bergizi gratis yang digagas presiden prabowo subianto bersama wakilnya masih menyisakan buntut yang panjang bukan hanya menjadi bahan",""
"1.87362301863277E+018","Badan Gizi Nasional menggelar uji coba program Makan Bergizi Gratis di Kota Semarang dengan sasaran balita, ibu hamil dan ibu menyusui.

Uji coba ini digelar dengan mendatangi langsung 7 titik Pos Pelayan Terpadu (Posyandu).

Simak video selengkapnya di https://t.co/j3B96ubgRr https://t.co/AWejv6y5Cv","badan gizi nasional menggelar uji coba program makan bergizi gratis di kota semarang dengan sasaran balita ibu hamil dan ibu menyusui uji coba ini digelar dengan mendatangi langsung titik pos pelayan terpadu posyandu simak video selengkapnya di",""
"1.86966195082256E+018","Prabowo singgung banyak pihak yang menolak program Makan Bergizi Gratis, termasuk dari kalangan profesor. ""Mungkin pintar otaknya, tapi hatinya tidak,"" ujarnya. https://t.co/yrbgQEm75V","prabowo singgung banyak pihak yang menolak program makan bergizi gratis termasuk dari kalangan profesor mungkin pintar otaknya tapi hatinya tidak ujarnya",""
"1.87218809598814E+018","Badan Gizi Nasional tegaskan tak benar ada ormas yang ngaku dapat mandat resmi jalankan Program Makan Siang Bergizi Gratis. 

https://t.co/E2IDT2pdXS","badan gizi nasional tegaskan tak benar ada ormas yang mengaku dapat mandat resmi jalankan program makan siang bergizi gratis",""
"1.8735875293306E+018","Pemprov Banten Alokasikan Rp300 Miliar untuk Program Makan Bergizi Gratis pada 2025 https://t.co/p1rRnTUuiv","pemprov banten alokasikan rp miliar untuk program makan bergizi gratis pada",""
"1.87391199039499E+018","Puluhan pemilik katering di Kota Kediri, Jawa Timur, mengaku enggan melapor ke polisi meski telah menjadi korban penipuan dalam tender program makan bergizi gratis (MBG). Mereka memilih untuk menyelesaikan masalah ini secara kekeluargaan dengan harapan uang jaminannya dapat https://t.co/Xunbbk3agy","puluhan pemilik katering di kota kediri jawa timur mengaku enggan melapor ke polisi meski telah menjadi korban penipuan dalam tender program makan bergizi gratis mbg mereka memilih untuk menyelesaikan masalah ini secara kekeluargaan dengan harapan uang jaminannya dapat",""
"1.87393598298014E+018","Menteri Bappenas: Program Makan Bergizi Gratis akan Dorong Permintaan Baru Hasil Tani Lokal https://t.co/sIAUOH1luD","menteri bappenas program makan bergizi gratis akan dorong permintaan baru hasil tani lokal",""
"1.87368768994773E+018","DPRD Palangka Raya dukung program makan bergizi gratis https://t.co/vpD3wfKKbI lewat @YouTube","dprd palangka raya dukung program makan bergizi gratis lewat",""
"1.87328561282199E+018","Program Makan Bergizi Gratis Disalahgunakan Orang Jahat, Puluhan Pengusaha Katering Jadi Korban
 
https://t.co/e8oGBE0zEJ","program makan bergizi gratis disalahgunakan orang jahat puluhan pengusaha katering jadi korban",""
"1.87354707794035E+018","Cara Menjadi Mitra Program Makan Bergizi Gratis 2025? Tidak Dipungut Biaya, Ya! https://t.co/4VhZ3JHuwA","cara menjadi mitra program makan bergizi gratis tidak dipungut biaya ya",""
"1.87360019975237E+018","Setelah Pesanan Fiktif, Dokter Tifa Sebut Program Makan Bergizi Gratis Berpotensi Jadi Ladang Korupsi 
https://t.co/9XhBy1GGRI","setelah pesanan fiktif dokter tifa sebut program makan bergizi gratis berpotensi jadi ladang korupsi",""
"1.87394387147194E+018","Program Makan Bergizi Gratis bakal dimulai implementasinya pada minggu depan, Senin 6 Januari 2025.
 https://t.co/IExxdD4PLr","program makan bergizi gratis bakal dimulai implementasinya pada minggu depan senin januari",""
"1.87396707264203E+018","Siswa Dhammasekha Menjadi Prioritas Penerima Program Makan Bergizi Gratis

https://t.co/3QRfSp1wQT","siswa dhammasekha menjadi prioritas penerima program makan bergizi gratis",""
"1.87391085030797E+018","Waspada, Penipuan yang Mengatasnamakan Badan Gizi Nasional

Masyarakat diminta waspada terhadap pihak yang mengatasnamakan Badan Gizi Nasional (BGN) dengan membawa-bawa program Makan Bergizi Gratis (MBG). Kantor Komunikasi Kepresidenan merilis panduan resmi untuk berkontribusi https://t.co/eOrhOwzSYL","waspada penipuan yang mengatasnamakan badan gizi nasional masyarakat diminta waspada terhadap pihak yang mengatasnamakan badan gizi nasional bgn dengan membawabawa program makan bergizi gratis mbg kantor komunikasi kepresidenan merilis panduan resmi untuk berkontribusi",""
"1.87375401610002E+018","Video: Celios Nilai Pemerintah Belum Siap Laksanakan Program Makan Bergizi Gratis https://t.co/wgqY7ePUEM","video celios nilai pemerintah belum siap laksanakan program makan bergizi gratis",""
"1.87315013502027E+018","Program makan bergizi gratis sdh mulai tanda-tanda nya mensejahterakan masyarakat
https://t.co/AH8IqESx9r","program makan bergizi gratis sudah mulai tandatanda nya mensejahterakan masyarakat",""
"1.87324497735622E+018","Penipuan Tender Program Makan Bergizi Gratis, Puluhan Katering di Kediri Rugi Rp 72 Juta https://t.co/MMGVn4c3pI","penipuan tender program makan bergizi gratis puluhan katering di kediri rugi rp juta",""
"1.87363160752726E+018","Program Makan Bergizi Gratis bakal dimulai implementasinya pada minggu depan, Senin 6 Januari 2025. https://t.co/mUxON47xAo","program makan bergizi gratis bakal dimulai implementasinya pada minggu depan senin januari",""
"1.87363265985263E+018","Puluhan Pengusaha Katering di Kediri Jadi Korban Penipuan Makan Bergizi Gratis
https://t.co/ynPFh9bFZ3","puluhan pengusaha katering di kediri jadi korban penipuan makan bergizi gratis",""
"1.8735497075173E+018","Pemkab Cilacap Lakukan Uji Coba Pemberian Makan Bergizi Gratis (MBG)
https://t.co/k53f3XrRqS","pemkab cilacap lakukan uji coba pemberian makan bergizi gratis mbg",""
"1.8737128826695E+018","Tingkat permintaan untuk menjalankan program makan bergizi gratis pada 2025 diproyeksi akan menciptakan gelombang pasokan yang mendorong pertumbuhan ekonomi. #Ekonomi #AdadiKompas

https://t.co/AmaLLWrdcH","tingkat permintaan untuk menjalankan program makan bergizi gratis pada diproyeksi akan menciptakan gelombang pasokan yang mendorong pertumbuhan ekonomi ekonomi adadikompas",""
"1.87334491100695E+018","Dear Mantan Kesayangan ..âï¸
Pen bget ketemu Pak Presiden @prabowo trus ngobrol tentang gimana rasanya jadi Presiden Indonesia, bahas pembiayaan program makan siang gratis yang bergizi dari perampasan aset 271T Harvey Moeis lanjut turunin PPN 12% karya mantan yang gak tau diri, https://t.co/RBaWBOwjmj","dear mantan kesayangan pen banget ketemu pak presiden terus mengobrol tentang bagaimana rasanya jadi presiden indonesia bahas pembiayaan program makan siang gratis yang bergizi dari perampasan aset t harvey moeis lanjut turunin ppn karya mantan yang enggak tau diri",""
"1.87407709758262E+018","Itulah. Pelajaran juga buat administrasi Pak @prabowo kalo eksaminasi kebijakan itu perlu. Skrg kita liat soal makan bergizi gratis. Kaya apa implementasinya. Badan Gizi udah ngasi statement juga hari ini","itulah pelajaran juga buat administrasi pak kalo eksaminasi kebijakan itu perlu skrg kita lihat soal makan bergizi gratis kaya apa implementasinya badan gizi sudah mengasih statement juga hari ini",""
"1.87351356791765E+018","Badan Gizi Nasional merespons informasi terkait program makan bergizi gratis yang diinisiasi Presiden Prabowo Subianto 
 https://t.co/Var9a8EnuZ","badan gizi nasional merespons informasi terkait program makan bergizi gratis yang diinisiasi presiden prabowo subianto",""
"1.8735676325213E+018","Pemerintah akan menjalankan makan bergizi gratis (MBG) mulai 5 Januari 2025. Namun, sebelum pelaksanaan mulai muncul  dugaan penipuan dengan modus program MBG. Hal itu terjadi di Kota Kediri, Jatim dan Magelang, Jateng.
Di Kota Kediri sedikitnya ada 70 pelaku usaha katering yang https://t.co/bawaLjDQM7","pemerintah akan menjalankan makan bergizi gratis mbg mulai januari namun sebelum pelaksanaan mulai muncul dugaan penipuan dengan modus program mbg hal itu terjadi di kota kediri jatim dan magelang jateng di kota kediri sedikitnya ada pelaku usaha katering yang",""
"1.87329259755445E+018","Badan Gizi Nasional Imbau Korban Penipuan Makan Bergizi Gratis Lapor Polisi https://t.co/XIzpozcr3y","badan gizi nasional imbau korban penipuan makan bergizi gratis lapor polisi",""
"1.87342537551637E+018","Makan bergizi gratis bisa maksimal,jika pertanian,peternakan,perikanan di kelola dgn lebih baik","makan bergizi gratis bisa maksimaljika pertanianpeternakanperikanan di kelola dengan lebih baik",""
"1.87003264408528E+018","KSAL meninjau uji coba program makan bergizi gratis dan mengecek kesiapan dapur lapangan di Kesatrian Marinir Hartono, Jaksel. Harga menu yang disajikan Rp 10 ribu per porsi. https://t.co/JNb4dt8M2G","ksal meninjau uji coba program makan bergizi gratis dan mengecek kesiapan dapur lapangan di kesatrian marinir hartono jaksel harga menu yang disajikan rp ribu per porsi",""
"1.87412586501501E+018","RI Mau Impor 2 Juta Sapi untuk Dukung Makan Bergizi Gratis, Siapkan 1,7 Ha Lahan
https://t.co/h4OTxtKDKQ","ri mau impor juta sapi untuk dukung makan bergizi gratis siapkan ha lahan",""
"1.87413898343084E+018","Ini Dia 3 Bocoran Kebijakan Pro Rakyat Prabowo 2025! Makan Bergizi Gratis Hingga Piutang Petani Nelayan Dihapus, Siap Mengubah Indonesia?

https://t.co/kXrBJsBdJT https://t.co/4FDqVdy695","ini dia bocoran kebijakan pro rakyat prabowo makan bergizi gratis hingga piutang petani nelayan dihapus siap mengubah indonesia",""
"1.87319109962555E+018","Pemerintah pny niat baik... tp ada saja..yg memanfaakan keadaan!!!ð¤¨...Puluhan Katering Tertipu Program Makan Bergizi Gratis, BGN Minta Korban Lapor Polisi https://t.co/8KleVFn23X","pemerintah punya niat baik tapi ada sajayg memanfaakan keadaanpuluhan katering tertipu program makan bergizi gratis bgn minta korban lapor polisi",""
"1.87356738663447E+018","Kamis (12/12), Ricky Arsenapati, Luhkan Kab. Bogor, Kegiatan Sosialisasi Gemarikan dan Program Makan Bergizi Gratis (MBG) BRPBATPP Bogor untuk SD di Kel. Cibalagung, Kota Bogor
#GiatLuhkanSatminkalBogor #Bgr 
@brpbatpp_bogor
@bppsdm_kp
@pusluh_bppsdm https://t.co/rHp1sqNC03","kamis ricky arsenapati luhkan kab bogor kegiatan sosialisasi gemarikan dan program makan bergizi gratis mbg brpbatpp bogor untuk sd di kel cibalagung kota bogor giatluhkansatminkalbogor bgr",""
"1.87358636679118E+018","Kebumen Bangun ""Dapur Umum"" untuk Program Makan Bergizi Gratis Prabowo-Gibran https://t.co/v1wEUvj3bz #KebumenEkspres","kebumen bangun dapur umum untuk program makan bergizi gratis prabowogibran kebumenekspres",""
"1.87373848493632E+018","Program Makan Bergizi Gratis (MBG) Mulai 6 Januari 2025, Targetkan 82 Juta Penerima dalam 5 Tahun 

 https://t.co/NuHRC9cEVR","program makan bergizi gratis mbg mulai januari targetkan juta penerima dalam tahun",""
"1.87372304497733E+018","Januari Tinggal Menghitung Hari, Kapan Progam Makan Bergizi Gratis di Kota Banjar Dimulai? https://t.co/fnw7JgTHPw","januari tinggal menghitung hari kapan progam makan bergizi gratis di kota banjar dimulai",""
"1.87334528758409E+018","Kondangan adalah makan bergizi gratis tapi tidak wajib PPN 12%","kondangan adalah makan bergizi gratis tapi tidak wajib ppn",""
"1.87369725731032E+018","Menteri Bappenas Rachmat Pambudy: Program Makan Bergizi Gratis Dorong Permintaan Baru Hasil Tani Lokal dan Bisa Penuhi Gizi Anak Sekolah-Ibu Hamil 

https://t.co/7UaJ98a3iX

#jawapos #tangsel #tangerangselatan #news #berita @BappenasRI","menteri bappenas rachmat pambudy program makan bergizi gratis dorong permintaan baru hasil tani lokal dan bisa penuhi gizi anak sekolahibu hamil jawapos tangsel tangerangselatan news berita",""
"1.87363247493027E+018","Simulasi program makan bergizi gratis ala MALINGð https://t.co/3WsPDQnq5h","simulasi program makan bergizi gratis ala maling",""
"1.87390893388434E+018","Anggaran untuk Makan Siang Bergizi Gratis 2025 Capai Rp700 Miliar

https://t.co/dSRdm7FCCy","anggaran untuk makan siang bergizi gratis capai rp miliar",""
"1.87340583872516E+018","Gimana kalo kita bujuk adik adik kita (terutama yang sekolahnya boleh bawa HP) buat fotokan setiap menu makan siang bergizi gratis dan kirim ke WA orang tua masing-masing
#MakanBergiziBangunNegeri https://t.co/O3SAVqwOC4","gimana kalo kita bujuk adik adik kita terutama yang sekolahnya boleh bawa hp buat fotokan setiap menu makan siang bergizi gratis dan kirim ke wa orang tua masingmasing makanbergizibangunnegeri",""
"1.87217047999135E+018","Viral dugaan pungutan biaya untuk beli wadah makanan pada program Makan Bergizi Gratis di salah satu sekolah. Badan Gizi Nasional buka suara.

https://t.co/cyxfxP8h5Z","viral dugaan pungutan biaya untuk beli wadah makanan pada program makan bergizi gratis di salah satu sekolah badan gizi nasional buka suara",""
"1.87380194361494E+018","Makan Bergizi Gratis, Petani Senyum! Program Menteri Bappenas Ini Bakal Bikin Harga Sayur Melonjak?

https://t.co/oV72cp0ezZ https://t.co/7pj6ifGFS6","makan bergizi gratis petani senyum program menteri bappenas ini bakal bikin harga sayur melonjak",""
"1.87369715024231E+018","Program Makan Bergizi Gratis Dijadikan Modus Penipuan, Aparat Hukum Harus Bertindak
https://t.co/jerhZCMGpQ","program makan bergizi gratis dijadikan modus penipuan aparat hukum harus bertindak",""
"1.87376281684457E+018","Dukung Program Nasional, DPRD Jember Tambah Anggaran Program Makan Bergizi Gratis https://t.co/6i59mtn02T","dukung program nasional dprd jember tambah anggaran program makan bergizi gratis",""
"1.87377547304332E+018","Kementerian Pertanian (Kementan) mengalokasikan anggaran sebesar Rp 700 miliar untuk mendukung program Makan Bergizi Gratis (MBG). https://t.co/lg2Wo1LRS4","kementerian pertanian kementan mengalokasikan anggaran sebesar rp miliar untuk mendukung program makan bergizi gratis mbg",""
"1.87369905711969E+018","*Menteri Bappenas: Program Makan Bergizi Gratis akan Dorong Permintaan Baru Hasil Tani Lokal*

*Jakarta* â Menteri Bappenas Rachmat Pambudy optimistis program Makan Bergizi Gratis akan mendorong permintaan hasil pertanian lokal yang akan berdampak pada pertumbuhan ekonomi di https://t.co/D4PGljn9Us","menteri bappenas program makan bergizi gratis akan dorong permintaan baru hasil tani lokal jakarta menteri bappenas rachmat pambudy optimistis program makan bergizi gratis akan mendorong permintaan hasil pertanian lokal yang akan berdampak pada pertumbuhan ekonomi di",""
"1.87396983640316E+018","[ANALISIS] Karut-Marut Program Makan Bergizi Gratis Prabowo Sebelum Diluncurkan
https://t.co/3kdTaB6zhL","analisis karutmarut program makan bergizi gratis prabowo sebelum diluncurkan",""
"1.87358802076468E+018","program makan bergizi gratis untuk programmer makan bergizi gratis","program makan bergizi gratis untuk programmer makan bergizi gratis",""
"1.8739978551424E+018","https://t.co/efSHpmeruS Pemkab Kotim mulai petakan lokasi dapur makan bergizi gratis","pemkab kotim mulai petakan lokasi dapur makan bergizi gratis",""
"1.87354929911788E+018","Pemkab Cilacap Lakukan Uji Coba Pemberian Makan Bergizi Gratis (MBG)
https://t.co/MOGpkXn75o","pemkab cilacap lakukan uji coba pemberian makan bergizi gratis mbg",""
"1.87389176825054E+018","Makan Bergizi Gratis Adalah Investasi Masa Depan Bangsa

Program Makan Bergizi Gratis (MBG) merupakan investasi masa depan bangsa karena dapat membantu mewujudkan generasi yang sehat, cerdas, dan produktif.

new WhatsApp beb Pagiii Dicopot Emyu Suaminya Kim Taehyung https://t.co/mGRnX4gTHN","makan bergizi gratis adalah investasi masa depan bangsa program makan bergizi gratis mbg merupakan investasi masa depan bangsa karena dapat membantu mewujudkan generasi yang sehat cerdas dan produktif new whatsapp beb pagi dicopot emyu suaminya kim taehyung",""
"1.87360536018519E+018","Puluhan Pengusaha Katering di Kediri Tertipu Modus Program Makan Bergizi Gratis

https://t.co/UNnKNR7J5r","puluhan pengusaha katering di kediri tertipu modus program makan bergizi gratis",""
"1.87357490229461E+018","Catut Nama Kodim 0809 Kediri, Puluhan Pengusaha Katering di Kediri Tertipu Makan Bergizi Gratis Fiktif 

https://t.co/GhNQkG3pYM","catut nama kodim kediri puluhan pengusaha katering di kediri tertipu makan bergizi gratis fiktif",""
"1.87331804132213E+018","Telur dan Daun Kelor Jadi Alternatif Susu di Program Makan Bergizi Gratis, Gizinya Setara?
https://t.co/nbIsBYhGew","telur dan daun kelor jadi alternatif susu di program makan bergizi gratis gizinya setara",""
"1.87405336020015E+018","Modus Penipuan Program Makan Bergizi Gratis: Puluhan Pengusaha Katering di Kediri Jadi KorbanÂ  https://t.co/fPJMqMWo8S","modus penipuan program makan bergizi gratis puluhan pengusaha katering di kediri jadi korban",""
"1.87404785362817E+018","5 Fakta Kasus Penipuan Program Makan Bergizi Gratis, Begini Kronologinya
https://t.co/Oa7G0MYzPx","fakta kasus penipuan program makan bergizi gratis begini kronologinya",""
"1.8731660848804E+018","Pemerintah melalui Badan Gizi Nasional akan meluncurkan program Makan Bergizi Gratis mulai tanggal 6 Januari 2025. Program MBG adalah program yang dirancang meningkatkan asupan gizi anak2 Indonesia

#dood Pempek 2024 Twitter Wrapped Akatsuki Tessy Nikita Willy Gong Yoo https://t.co/xF5V23UJLf","pemerintah melalui badan gizi nasional akan meluncurkan program makan bergizi gratis mulai tanggal januari program mbg adalah program yang dirancang meningkatkan asupan gizi anak indonesia dood pempek twitter wrapped akatsuki tessy nikita willy gong yoo",""
"1.87356507940243E+018","Puluhan pengusaha katering di Kediri tertipu oknum dengan iming-iming menjadi rekanan penyedia makan bergizi gratis, program yang digelontorkan Prabowo Subianto-Gibran Rakabuming Raka, Presiden &amp; Wakil Presiden RI.

Diah, salah seorang korban mengaku awalnya ditawari temannya [1] https://t.co/t0gAscMQK6","puluhan pengusaha katering di kediri tertipu oknum dengan imingiming menjadi rekanan penyedia makan bergizi gratis program yang digelontorkan prabowo subiantogibran rakabuming raka presiden amp wakil presiden ri diah salah seorang korban mengaku awalnya ditawari temannya",""
"1.87359131073482E+018","Program Makan Bergizi Gratis Dijadikan Modus Penipuan, DPR Desak Polisi Turun Tangan | FPKB DPR RI https://t.co/1VpGJW6em9","program makan bergizi gratis dijadikan modus penipuan dpr desak polisi turun tangan fpkb dpr ri",""
"1.87371871408191E+018","Menteri PPN/Kepala Bappenas, Rachmat Pambudy optimistis program makan bergizi gratis akan mendorong permintaan hasil pertanian lokal 
 https://t.co/hZzpjc1ysW","menteri ppnkepala bappenas rachmat pambudy optimistis program makan bergizi gratis akan mendorong permintaan hasil pertanian lokal",""
"1.87361028248168E+018","Pelaksanaan program makan bergizi gratis mulai disiapkan. Kodim 0804 Magetan menyiapkan dapur umum di komplek asrama dan membentuk satgas. https://t.co/88ovW4Taq6","pelaksanaan program makan bergizi gratis mulai disiapkan kodim magetan menyiapkan dapur umum di komplek asrama dan membentuk satgas",""
"1.87387514506624E+018","Makan bergizi gratis yg ngurus kayaknya emang TNI, ku lihat truk dapur begini sdh wara wiri. 
Bukan diperkuat menjaga kedaulatan NKRI kok malah disuruh ngurusin lambung. Lucu betul Pak @prabowo? ð https://t.co/7vUMqa9H7I","makan bergizi gratis yang mengurus kayaknya memang tni ku lihat truk dapur begini sudah wara wiri bukan diperkuat menjaga kedaulatan nkri kok malah disuruh mengurusi lambung lucu betul pak",""
"1.87319015964428E+018","Pemerintah akan memulai program makan bergizi gratis pada 6 Januari 2025 mendatang.

Badan Gizi Nasional sbg pelaksana program tersebut terus melakukan persiapan. Rencananya program makan bergizi gratis akan dimulai di 932 titik

2024 Twitter Wrapped Akatsuki Tessy Gong Yoo https://t.co/vTlHJjvfTu","pemerintah akan memulai program makan bergizi gratis pada januari mendatang badan gizi nasional sebagai pelaksana program tersebut terus melakukan persiapan rencananya program makan bergizi gratis akan dimulai di titik twitter wrapped akatsuki tessy gong yoo",""
"1.87317258611869E+018","Lapor polisi???
29/12/2024
Puluhan Katering Tertipu Program Makan Bergizi Gratis, BGN Minta Korban Lapor Polisi

https://t.co/eYG3wdIzKl","lapor polisi puluhan katering tertipu program makan bergizi gratis bgn minta korban lapor polisi",""
"1.87408250930428E+018","Ini Persyaratan Jadi Mitra Makan Bergizi Gratis BGN https://t.co/cYEF8L5LhJ 
#BGNRI","ini persyaratan jadi mitra makan bergizi gratis bgn bgnri",""
"1.8736643342176E+018","Pakar Ingatkan Makan Bergizi Gratis Bisa Jadi Skandal Korupsi Besar https://t.co/M3SPTXVSEb","pakar ingatkan makan bergizi gratis bisa jadi skandal korupsi besar",""
"1.87354976760908E+018","Puluhan Katering Tertipu Program Makan Bergizi Gratis, BGN Minta Korban Lapor Polisi https://t.co/ezDosGsnWT","puluhan katering tertipu program makan bergizi gratis bgn minta korban lapor polisi",""
"1.87326774215068E+018","Selepas digelar beberapa waktu lalu, uji coba Program Makan Bergizi Gratis (MBG) kembali dilaksanakan.  Kali ini menyasar 229 sekolah https://t.co/cDXGahM7BF","selepas digelar beberapa waktu lalu uji coba program makan bergizi gratis mbg kembali dilaksanakan kali ini menyasar sekolah",""
"1.87350439324232E+018","Puluhan Pengusaha Katering Kena Tipu Program Makan Bergizi Gratis
https://t.co/7TRITap4Yl","puluhan pengusaha katering kena tipu program makan bergizi gratis",""
"1.87398874494212E+018","Kaleidoskop 2024 Makan Bergizi Gratis
Slh satu program unggulan Presiden Prabowo ""Makan Bergizi Gratis"". Semula program ini makan siang bergizi gratis, diubah makan pagi bergizi gratis. Sebagai warga dari kawasan timur Indonesia sambut baik krn di ms kecil tdk pernah makan pagi https://t.co/Sg6DQq43Kj","kaleidoskop makan bergizi gratis slh satu program unggulan presiden prabowo makan bergizi gratis semula program ini makan siang bergizi gratis diubah makan pagi bergizi gratis sebagai warga dari kawasan timur indonesia sambut baik karena di masih kecil tidak pernah makan pagi",""
"1.87373688054374E+018","Program Makan Bergizi Gratis akan Dorong Permintaan Baru Hasil Tani Lokal dan Tingkatkan Ekonomi https://t.co/7OMB056EyU","program makan bergizi gratis akan dorong permintaan baru hasil tani lokal dan tingkatkan ekonomi",""
"1.87320043689704E+018","Dukung Pemerintahan Prabowo, KAHMI Siap Sukseskan Program Hilirisasi hingga Makan Bergizi Gratis https://t.co/owyYXtmd7l","dukung pemerintahan prabowo kahmi siap sukseskan program hilirisasi hingga makan bergizi gratis",""
"1.87327658675528E+018","Puluhan Usaha Katering di Jawa Timur Jadi Korban Penipuan Program Makan Bergizi Gratis, BGN Desak Lapor ke Polisi https://t.co/mwA9SULfaT via @Indopolitika via @Indopolitika","puluhan usaha katering di jawa timur jadi korban penipuan program makan bergizi gratis bgn desak lapor ke polisi via via",""
"1.87363566869979E+018","Dinas Kesehatan Pengendalian Penduduk dan Keluarga Berencana Kabupaten Cilacap memantau persiapan Makan Bergizi Gratis (MBG) https://t.co/zbx4kQTjl6","dinas kesehatan pengendalian penduduk dan keluarga berencana kabupaten cilacap memantau persiapan makan bergizi gratis mbg",""
"1.87371639769369E+018","Makan Bergizi Gratis bikin IQ naik 15 poin?
Ternyata, PPN 12 Persen untuk Akomodir Program Makan Bergizi Gratis Besutan Presiden Prabowo https://t.co/QlKSpqd7ec","makan bergizi gratis bikin iq naik poin ternyata ppn persen untuk akomodir program makan bergizi gratis besutan presiden prabowo",""
"1.87355549940649E+018","Repnas: Program makan siang gratis Prabowo bisa sejahterakan UMKM
Ternyata, PPN 12% untuk Akomodir Program Makan Bergizi Gratis Besutan Presiden Prabowo
Ekonom Celios: PPN 12% akan Menyebabkan Inflasi 4,1% https://t.co/akeyRfqEk1","repnas program makan siang gratis prabowo bisa sejahterakan umkm ternyata ppn untuk akomodir program makan bergizi gratis besutan presiden prabowo ekonom celios ppn akan menyebabkan inflasi",""
"1.87405366076397E+018","Tak Ada Biaya Apapun untuk Penerima Manfaat Program Makan Bergizi Gratis https://t.co/ufh6BQE4EY via @InvestorID","tak ada biaya apapun untuk penerima manfaat program makan bergizi gratis via",""
"1.87394624789751E+018","Ditjen Hortikultura dan Ditjen Peternakan dan Kesehatan Hewan (PKH) diarahkan untuk mendukung persiapan bahan baku dalam program Makan Bergizi Gratis (MBG).

#MakanBergiziGratis #Hortikultura #Peternakan https://t.co/uuDc4K03Gf","ditjen hortikultura dan ditjen peternakan dan kesehatan hewan pkh diarahkan untuk mendukung persiapan bahan baku dalam program makan bergizi gratis mbg makanbergizigratis hortikultura peternakan",""
"1.8739091907519E+018","Olahan Ikan Jadi Pilihan Menu Makan Bergizi Gratis - 
#JatengGayeng
 https://t.co/nPNOXdShgv https://t.co/dzgt7MuD0O","olahan ikan jadi pilihan menu makan bergizi gratis jatenggayeng",""
"1.87398837399758E+018","Program Makan Bergizi Gratis (MBG) sebentar lagi mulai dijalankan. Badan Gizi Nasional (BGN) membuka persyaratan calon mitra untuk memenuhi menu MBG. Seperti apa? https://t.co/bnOGX918ci","program makan bergizi gratis mbg sebentar lagi mulai dijalankan badan gizi nasional bgn membuka persyaratan calon mitra untuk memenuhi menu mbg seperti apa",""
"1.87365148916157E+018","Ekonom Center of Economic and Law Studies (Celios), Bakhrul Fikri menyebut Program Makan Bergizi Gratis yang akan dimulai pada awal tahun depan erat kaitanya dengan pengadaan barang dan jasa yang rawan akan kasus mark up anggaran sehingga memperluas potensi korupsi. 

#SamrtNews https://t.co/HkGeh7NT1W","ekonom center of economic and law studies celios bakhrul fikri menyebut program makan bergizi gratis yang akan dimulai pada awal tahun depan erat kaitanya dengan pengadaan barang dan jasa yang rawan akan kasus mark up anggaran sehingga memperluas potensi korupsi samrtnews",""
"1.87340468946913E+018","Makan bergizi gratis ala maling, terpidana diskonan akhir tahun.","makan bergizi gratis ala maling terpidana diskonan akhir tahun",""
"1.87322604955702E+018","Lebih Dekat Dengan Masyarakat, Satgas 641/Bru Beri Makan Bergizi Gratis Pada Warga Bolakme-Papua

https://t.co/Gt3cCj7p1r https://t.co/9l3SclquPZ","lebih dekat dengan masyarakat satgas bru beri makan bergizi gratis pada warga bolakmepapua",""
"1.87370299615834E+018","Sidak ke lokasi pilot project dapur umum makan bergizi gratis Bojong Koneng Babakan Madang Kab. Bogor. Diterima bu Yessi sekretaris DEPUTI BGN RI. Semoga program Pak Presiden Prabowo Subianto dalam pemberian makan bergizi gratis pada siswa/siswi serta ibu hamil lancar sukses https://t.co/7qk16ZZX8H","sidak ke lokasi pilot project dapur umum makan bergizi gratis bojong koneng babakan madang kab bogor diterima bu yessi sekretaris deputi bgn ri semoga program pak presiden prabowo subianto dalam pemberian makan bergizi gratis pada siswasiswi serta ibu hamil lancar sukses",""
"1.87364819921664E+018","Fikri mengatakan bahwa penelitian dari Celios mengungkapkan 46 persen responden khawatir program MBG ini bakal jadi proyek amburadul. 

Masalahnya udah jelas: makanan telat sampai, pengadaan barang penuh permainan, jasa dikorupsi kiri-kanan. https://t.co/JNpS9VAUrW","fikri mengatakan bahwa penelitian dari celios mengungkapkan persen responden khawatir program mbg ini bakal jadi proyek amburadul masalahnya sudah jelas makanan telat sampai pengadaan barang penuh permainan jasa dikorupsi kirikanan",""
"1.87220565017411E+018","BADAN Gizi Nasional (BGN) memastikan tidak pernah meminta bantuan dari organisasi masyarakat (ormas) manapun. Khususnya dalam menjalankan program Makan Bergizi Gratis (MBG).

https://t.co/g9bYgoK4g2","badan gizi nasional bgn memastikan tidak pernah meminta bantuan dari organisasi masyarakat ormas manapun khususnya dalam menjalankan program makan bergizi gratis mbg",""
"1.86847832534332E+018","Respon positif masy. dlm menyambut Program Makan Bergizi Gratis (MBG) 2025, Menjd support system yang baik buat para pelaksana.
Badan Gizi Nasional dan Mitra Kerjanya PEKNAS, terus melakukan sinergi guna pemantapan dlm pelaksanaanya.
#MakanBergiziGratis
#BadanGiziNasional
#PEKNAS https://t.co/nSLmQlF3H4","respon positif masy dalam menyambut program makan bergizi gratis mbg menjd support system yang baik buat para pelaksana badan gizi nasional dan mitra kerjanya peknas terus melakukan sinergi guna pemantapan dalam pelaksanaanya makanbergizigratis badangizinasional peknas",""
"1.86863886513494E+018","Wakil Kepala Staf Kepresidenan juga menegaskan upaya penyempurnaan skema penyaluran terus dilakukan agar pelaksanaan program MBG pada tahun 2025 semakin optimal.

#MBG
#MakanBergiziGratis
#KSP
#KantorStafPresiden","wakil kepala staf kepresidenan juga menegaskan upaya penyempurnaan skema penyaluran terus dilakukan agar pelaksanaan program mbg pada tahun semakin optimal mbg makanbergizigratis ksp kantorstafpresiden",""
"1.86961754513918E+018","Banyak pihak berkontribusi untuk Program MBG 2025. Dari Lembaga, instansi, Kementerian, BUMN, swasta dan pengusaha.
Program  MAKAN BERGIZI GRATIS, adlh momen untuk pemenuhan  gizi seimbang dan perbaikan gizi serta kebangkitan ekonomi kerakyatan.
****
 #BadanGiziNasional
 #PEKNAS https://t.co/QLMAssf6ho","banyak pihak berkontribusi untuk program mbg dari lembaga instansi kementerian bumn swasta dan pengusaha program makan bergizi gratis adalah momen untuk pemenuhan gizi seimbang dan perbaikan gizi serta kebangkitan ekonomi kerakyatan badangizinasional peknas",""
"1.87035779288608E+018","Menteri Koordinator Bidang Pemberdayaan Masyarakat (Menko PM) Abdul Muhaimin Iskandar mengungkapkan bahwa program Makan Bergizi Gratis (MBG) adalah inisiatif besar yang membawa banyak manfaat.

&lt; #MuhaiminIskandar #MakanBergiziGratis

https://t.co/315Q4GVe3E","menteri koordinator bidang pemberdayaan masyarakat menko pm abdul muhaimin iskandar mengungkapkan bahwa program makan bergizi gratis mbg adalah inisiatif besar yang membawa banyak manfaat lantai muhaiminiskandar makanbergizigratis",""
"1.87007563521502E+018","https://t.co/1l9DMVaA1W Uji Coba Program MBG Mandiri, Kemenkop Apresiasi Koperasi Produsen Agro Gelem Hijau","uji coba program mbg mandiri kemenkop apresiasi koperasi produsen agro gelem hijau",""
"1.86939535328979E+018","Wakil Wali Kota Tangerang Selatan (Tangsel) Pilar Saga Ichsan memperkirakan, total anggaran program makan bergizi gratis (MBG) di Tangsel pada 2025 mencapai Rp 300 miliar.

&lt; #MakanBergiziGratis #AnggaranMakanBergiziGratis

https://t.co/uubyaImN4R","wakil wali kota tangerang selatan tangsel pilar saga ichsan memperkirakan total anggaran program makan bergizi gratis mbg di tangsel pada mencapai rp miliar lantai makanbergizigratis anggaranmakanbergizigratis",""
"1.86865932991565E+018","KKP mendorong 1.195 Unit Pengolahan Ikan (UPI) daftar menjadi mitra kerja sama Badan Gizi Nasional (BGN) untuk menjalankan program Makan Bergizi Gratis (MBG). https://t.co/oJobgM66kY","kkp mendorong unit pengolahan ikan upi daftar menjadi mitra kerja sama badan gizi nasional bgn untuk menjalankan program makan bergizi gratis mbg",""
"1.86964383098468E+018","'Udang di Balik Batu' Manuver Lippo Group, Temui Jokowi hingga Terlibat Program MBG Prabowo
https://t.co/wUE9GMEdpd","udang di balik batu manuver lippo group temui jokowi hingga terlibat program mbg prabowo",""
"1.87136019011042E+018","Koperasi susu disebut siap memasok kebutuhan susu sebagai menu pendamping program prioritas Makan Bergizi Gratis (MBG) yang dicanangkan Presiden Prabowo Subianto.

Menteri Koperasi Budi Arie Setiadi mengatakan koperasi susu tengah mempersiapkan diri untuk memenuhi kebutuhan MBG. https://t.co/qqSmm36l96","koperasi susu disebut siap memasok kebutuhan susu sebagai menu pendamping program prioritas makan bergizi gratis mbg yang dicanangkan presiden prabowo subianto menteri koperasi budi arie setiadi mengatakan koperasi susu tengah mempersiapkan diri untuk memenuhi kebutuhan mbg",""
"1.87375004899307E+018","Menteri Bappenas: Program MBG akan Dorong Permintaan Baru Hasil Tani Lokal 
@BappenasRI 

https://t.co/uJufT4Gm6k 
#MenteriBappenas #RachmatPambudi #MBG #PertumbuhanEkonomi https://t.co/nmkPgE2toH","menteri bappenas program mbg akan dorong permintaan baru hasil tani lokal menteribappenas rachmatpambudi mbg pertumbuhanekonomi",""
"1.86890497161139E+018","Program Makan Bergizi Gratis (MBG) bagi pelajar sekolah di Kota Pekalongan mulai diujicobakan. Program ini nantinya akan dimaksimalkan pada Tahun 2025 mendatang dengan sasaran pelajar sekolah mulai jenjang SD hingga SMA sederajat.  
https://t.co/iLjhddV04w","program makan bergizi gratis mbg bagi pelajar sekolah di kota pekalongan mulai diujicobakan program ini nantinya akan dimaksimalkan pada tahun mendatang dengan sasaran pelajar sekolah mulai jenjang sd hingga sma sederajat",""
"1.86863878692795E+018","Para Kepala Sekolah menyatakan program MBG ini mendapat respons positif dari siswa, mereka berharap program ini dapat terus berjalan dan cakupannya dapat diperluas.","para kepala sekolah menyatakan program mbg ini mendapat respons positif dari siswa mereka berharap program ini dapat terus berjalan dan cakupannya dapat diperluas",""
"1.87328970626561E+018","Yuk, besok Senin, gabung di Diskusi Publik &amp; Peluncuran Laporan: Yang Lapar Siapa? Yang Kenyang Siapa? Mitigasi Risiko Program MBG. Ada minbar ð https://t.co/m9HC8hNNC1","yuk besok senin gabung di diskusi publik amp peluncuran laporan yang lapar siapa yang kenyang siapa mitigasi risiko program mbg ada minbar",""
"1.87288944660723E+018","Ada Program Nasional MBG, APBD 2025 Kebumen Akan Disesuaikan Kembali https://t.co/NzOx5dmHpT #RadarJogja","ada program nasional mbg apbd kebumen akan disesuaikan kembali radarjogja",""
"1.87279931430265E+018","Program Makan Bergizi Gratis (MBG) untuk siswa sekolah merupakan inisiatif yang bertujuan untuk menyediakan makanan bergizi kepada anak-anak, sehingga mereka dapat bersemangat untuk bersekolah

***
Caca Tengker Tarra Budiman Pempek #dood Arsenal Daesang https://t.co/KQq4dPJC2q","program makan bergizi gratis mbg untuk siswa sekolah merupakan inisiatif yang bertujuan untuk menyediakan makanan bergizi kepada anakanak sehingga mereka dapat bersemangat untuk bersekolah caca tengker tarra budiman pempek dood arsenal daesang",""
"1.86848559866489E+018","peresmian Pondok Ketam, dan program MBG bagi 130 siswa SDN 13 Koba serta 18 orang ibu hamil. Turut hadir pada kegiatan ini istri Bupati Bangka Tengah, Forkopimda Kejari dan Polres Bangka Tengah, Dinas KP Provinsi Kepulauan Bangka Belitung, perwakilan KementerianLingkungan Hidup https://t.co/d0LB5iQVcy","peresmian pondok ketam dan program mbg bagi siswa sdn koba serta orang ibu hamil turut hadir pada kegiatan ini istri bupati bangka tengah forkopimda kejari dan polres bangka tengah dinas kp provinsi kepulauan bangka belitung perwakilan kementerianlingkungan hidup",""
"1.87283331045364E+018","@INDONESIAPERKS4 Gw yakin klu di Rezim wowo
Roda pemerintahan diam
Ditempat g berjan nantinya
Cuman sibuk ngurusin 
Program MBG saja.","gw yakin kalau di rezim wowo roda pemerintahan diam ditempat enggak berjan nantinya cuman sibuk mengurusi program mbg saja",""
"1.87067793990771E+018","@cakimiNOW Program MBG memberi efek domino, memberdayakan semua lapisan masyarakat","program mbg memberi efek domino memberdayakan semua lapisan masyarakat",""
"1.87065984935443E+018","Cak Imin Optimistis Program MBG Bisa Genjot Ekonomi Desa
https://t.co/k4ewsl8ZP9","cak imin optimistis program mbg bisa genjot ekonomi desa",""
"1.87037691431953E+018","@cakimiNOW Program MBG bikin semua berdayaa..","program mbg bikin semua berdayaa",""
"1.87108653747294E+018","Koperasi susu siap pasok 1,3 juta liter per hari untuk program Makan Bergizi Gratis (MBG) dengan anggaran Rp 14 triliun. Produksi susu lokal akan ditingkatkan. https://t.co/XYneUEMMNM","koperasi susu siap pasok juta liter per hari untuk program makan bergizi gratis mbg dengan anggaran rp triliun produksi susu lokal akan ditingkatkan",""
"1.8713761800432E+018","@faridhcrb Ke Cina minta hutang untuk program MBG.","ke cina meminta hutang untuk program mbg",""
"1.87358093967638E+018","Sabtu (21/12/2024) Giat Luhkan Garut (Irfan), Mendampingi Koperasi Mina Garut Sejahtera pd kegiatan fasilitasi &amp; pendampingan koperasi utk menjadi MGN dan terdaftar pada ekatalog program MBG
@bppsdm_kp @pusluh_bppsdm @brpbatpp_bogor https://t.co/YIluwJZquC","sabtu giat luhkan garut irfan mendampingi koperasi mina garut sejahtera pada kegiatan fasilitasi amp pendampingan koperasi untuk menjadi mgn dan terdaftar pada ekatalog program mbg",""
"1.87066013855985E+018","Pemerintah akan luncurkan program Makanan Bergizi Gratis (MBG) pada Januari 2025, dengan fokus pada susu lokal untuk mendukung kebutuhan gizi anak. https://t.co/1sUSoUfXUg","pemerintah akan luncurkan program makanan bergizi gratis mbg pada januari dengan fokus pada susu lokal untuk mendukung kebutuhan gizi anak",""
"1.87362561754526E+018","Susu Tergusur? Daun Kelor dan Telur Jadi Andalan Baru di Program MBG!
https://t.co/cl7a8dMnQN
#SandraDewi #Tessy #Restinpeace #GantungHakimEkoAryanto #Siang #Hasto","susu tergusur daun kelor dan telur jadi andalan baru di program mbg sandradewi tessy restinpeace gantunghakimekoaryanto siang hasto",""
"1.8722107901216E+018","Daun kelor dan telur ayam jadi solusi cerdas untuk mendukung program Makan Bergizi Gratis (MBG) yang diinisiasi Presiden Prabowo Subianto.

#kanalsa #MakanBergiziGratis #GiziSeimbang #DaunKelor #TelurAyam #KesehatanAnak #ProgramMBG #PrabowoSubianto #IndonesiaMaju #IndonesiaSehat https://t.co/4wUEf8hi5r","daun kelor dan telur ayam jadi solusi cerdas untuk mendukung program makan bergizi gratis mbg yang diinisiasi presiden prabowo subianto kanalsa makanbergizigratis giziseimbang daunkelor telurayam kesehatananak programmbg prabowosubianto indonesiamaju indonesiasehat",""
"1.87210871646156E+018","Daun kelor, tumbuhan herbal yang telah dikenal luas karena manfaat kesehatannya, kini menjadi sorotan dalam wacana penggantian susu sebagai bahan makanan bergizi. Gagasan ini dicetuskan oleh pemerintah melalui program Makan Bergizi Gratis (MBG), yang bertujuan untuk memberikan https://t.co/dxaCE5ZMqa","daun kelor tumbuhan herbal yang telah dikenal luas karena manfaat kesehatannya kini menjadi sorotan dalam wacana penggantian susu sebagai bahan makanan bergizi gagasan ini dicetuskan oleh pemerintah melalui program makan bergizi gratis mbg yang bertujuan untuk memberikan",""
"1.87150200852991E+018","Kepala Badan Gizi Nasional Dadan Hindayana menyatakan telur ayam dan kelor disiapkan sebagai bahan makanan pengganti susu pada program makan bergizi gratis (MBG).

Menurutnya, tidak semua peserta penerima makan bergizi gratis akan mendapatkan susu sebagai bagian dari menu mereka. https://t.co/KXX3KXHlp2","kepala badan gizi nasional dadan hindayana menyatakan telur ayam dan kelor disiapkan sebagai bahan makanan pengganti susu pada program makan bergizi gratis mbg menurutnya tidak semua peserta penerima makan bergizi gratis akan mendapatkan susu sebagai bagian dari menu mereka",""
"1.87000845994267E+018","Program MBG ini sangat populis, berbahaya buat oposisi dan pembenci pemerintah, kl sampai sukses dijamin menaikkan popularitas Prabowo yg sdh tinggi makin tinggi lagi. Yg bisa menggagalkan MBG hanya orang2 internal pemerintah sendiri dgn cara korupsi dan sabotase, kl berani.","program mbg ini sangat populis berbahaya buat oposisi dan pembenci pemerintah kalo sampai sukses dijamin menaikkan popularitas prabowo yang sudah tinggi makin tinggi lagi yg bisa menggagalkan mbg hanya orang internal pemerintah sendiri dengan cara korupsi dan sabotase kalo berani",""
"1.86959525116768E+018","PMBG merupakan program pemberian makanan bergizi gratis satu kali per hari, memenuhi kebutuhan 1/3 kalori harian. Satuan pelayanan MBG berkoordinasi dg penerima manfaat dn semua unsur yg terlibat. Program dilakukan sebaik-baiknya, dg  jumlah penerima manfaat yang valid. 
#PEKNAS https://t.co/ovaU3e7AcS","pmbg merupakan program pemberian makanan bergizi gratis satu kali per hari memenuhi kebutuhan kalori harian satuan pelayanan mbg berkoordinasi dengan penerima manfaat dan semua unsur yang terlibat program dilakukan sebaikbaiknya dengan jumlah penerima manfaat yang valid peknas",""
"1.87316873552532E+018","Program Baru MBG, Kemendes PDTT: 20 Persen Dana Desa Untuk Ketahanan Pangan
https://t.co/gUzU1AOzjb 
Minggu  Pagii  300 T","program baru mbg kemendes pdtt persen dana desa untuk ketahanan pangan minggu pagii t",""
"1.87372654024213E+018","Prabowo Desak Kementerian Berhemat, Prioritaskan Program MBG dan Kenaikan Gaji Guru
https://t.co/ycNKmCRrn0","prabowo desak kementerian berhemat prioritaskan program mbg dan kenaikan gaji guru",""
"1.86901012328663E+018","Program MBG akan mengurangi angka stunting anak indonesia ð¥ð¥ #makanbergizigratis #makangratis #prabowo https://t.co/a03N0GnyZ2","program mbg akan mengurangi angka stunting anak indonesia makanbergizigratis makangratis prabowo",""
"1.86855474409842E+018","https://t.co/AFMeu3JAAe
Panyabungan, StartNews - Bupati Mandailing Natal (Madina) HM Jafar Sukhairi Nasution menyambut baik program Makanan Bergizi Gratis (MBG) yang digalakkan pemerintah untuk pelajar.","panyabungan startnews bupati mandailing natal madina hm jafar sukhairi nasution menyambut baik program makanan bergizi gratis mbg yang digalakkan pemerintah untuk pelajar",""
"1.8696985970818E+018","Lakukan Uji Coba Program MBG Mandiri, Kemenkop Apresiasi Koperasi Produsen Agro Gelem Hijau https://t.co/mIz1kLZd3X","lakukan uji coba program mbg mandiri kemenkop apresiasi koperasi produsen agro gelem hijau",""
"1.87413675453989E+018","Program Makan Bergizi Gratis (MBG) di Kalimantan Barat memiliki potensi besar untuk meningkatkan kualitas hidup masyarakat, terutama anak-anak dan ibu hamil.
Untuk itu, Perwakilan BPKP Provinsi Kalimantan Barat mengawal pelaksanaan program MBG tersebut agar dapat memperhatikan https://t.co/WUns8ZRNbI","program makan bergizi gratis mbg di kalimantan barat memiliki potensi besar untuk meningkatkan kualitas hidup masyarakat terutama anakanak dan ibu hamil untuk itu perwakilan bpkp provinsi kalimantan barat mengawal pelaksanaan program mbg tersebut agar dapat memperhatikan",""
"1.86844558125922E+018","Mashaallah, 14,9 juta nelayan turut merasakan dampak positif dari adanya program MBG yang dilaksanakan pemerintah. Semoga para nelayan bisa benar benar sejahtera dg adanya Program MBG ini.

#styout Barca Vietnam #MimpiIndah Dethan #MUFC #keLIAtan Feni https://t.co/WZMcxk38G5","mashaallah juta nelayan turut merasakan dampak positif dari adanya program mbg yang dilaksanakan pemerintah semoga para nelayan bisa benar benar sejahtera dengan adanya program mbg ini styout barca vietnam mimpiindah dethan mufc keliatan feni",""
"1.86844105091595E+018","Ketua DPP Partai Demokrat Herman Khaeron menilai anggaran Rp 10 ribu per anak program makan bergizi gratis (MBG) sudah pas. Menurut Demokrat, anggaran untuk program itu tidak perlu dievaluasi kembali.

#styout Barca Vietnam #MimpiIndah Dethan #MUFC #keLIAtan Feni https://t.co/GFJH3IpCNZ","ketua dpp partai demokrat herman khaeron menilai anggaran rp ribu per anak program makan bergizi gratis mbg sudah pas menurut demokrat anggaran untuk program itu tidak perlu dievaluasi kembali styout barca vietnam mimpiindah dethan mufc keliatan feni",""
"1.86881958254869E+018","Prof Aji Ratna Kusuma menilai program MBG akan lebih terukur. Karena jika tetap menggunakan konsep lama, yaitu makan siang gratis,maka kandungan gizi yang diberikan kepada penerima program akan multitafsir.

___
No Viral No Justice Feni gjls
 PPN 12% Winamp BPJSTK https://t.co/N237WEZenP","prof aji ratna kusuma menilai program mbg akan lebih terukur karena jika tetap menggunakan konsep lama yaitu makan siang gratismaka kandungan gizi yang diberikan kepada penerima program akan multitafsir no viral no justice feni gjls ppn winamp bpjstk",""
"1.86843091015426E+018","Pemerintah memastikan anggaran program MBG gratis Rp 10.000 per porsi per anak sudah layak dan bergizi.
Alokasi dana cukup untuk menyediakan makanan dengan kandungan gizi seimbang 

#styout Barca Vietnam #MimpiIndah Dethan #MUFC #keLIAtan Feni https://t.co/fbBHRvb0NL","pemerintah memastikan anggaran program mbg gratis rp per porsi per anak sudah layak dan bergizi alokasi dana cukup untuk menyediakan makanan dengan kandungan gizi seimbang styout barca vietnam mimpiindah dethan mufc keliatan feni",""
"1.87264077117177E+018","Dindikbud Banten Gelar Pembinaan Kepala Sekolah, Pj Gubernur Minta Sukseskan Program MBG https://t.co/DbfGx46AeP","dindikbud banten gelar pembinaan kepala sekolah pj gubernur minta sukseskan program mbg",""
"1.87315792565887E+018","Pada tahap awal, program ini akan menjangkau 3 juta penerima manfaat,Â Program MBG bertujuan untuk memenuhi sepertiga kebutuhan kalori harian anak-anak Indonesia guna menciptakan generasi yang lebih sehat dan unggul.Â 

#dood Pempek 2024 Twitter Wrapped Akatsuki Tessy Nikita Willy https://t.co/L6SU8DOy3G","pada tahap awal program ini akan menjangkau juta penerima manfaat program mbg bertujuan untuk memenuhi sepertiga kebutuhan kalori harian anakanak indonesia guna menciptakan generasi yang lebih sehat dan unggul dood pempek twitter wrapped akatsuki tessy nikita willy",""
"1.8728256489114E+018","MenPAN RB: Kolaborasi Antar Instansi Pemerintah Jadi Kunci Sukses Program MBGÂ  -  https://t.co/t58Yg8Irg0 https://t.co/fjcElrP1sC","menpan rb kolaborasi antar instansi pemerintah jadi kunci sukses program mbg",""
"1.87244628953289E+018","Kepala BP Taskin, Budiman Sudjatmiko mengatakan Program Makan Bergizi Gratis (MBG) merupakan salah satu upaya yang dilakukan Presiden Prabowo Subianto untuk mengentaskan kemiskinan.

Ria SW #dood Bandung Amorim #SquidGame2â¯â¯â¯Kurir Aceh https://t.co/P7fXx0hejo","kepala bp taskin budiman sudjatmiko mengatakan program makan bergizi gratis mbg merupakan salah satu upaya yang dilakukan presiden prabowo subianto untuk mengentaskan kemiskinan ria sw dood bandung amorim squidgame kurir aceh",""
"1.87172393525311E+018","17 Juta Masyarakat Akan Nikmati Makan Bergizi Gratis Mulai 2025

Tahap pertama program MBG, akan diselenggarakan serentak pada Januari-April 2025, penerima manfaat sebanyak 3 juta jiwa dan diberikan satu kali dlm sehari.

Mingyu 3 SMP Berkah Dalam Hobi Hasto Mata Najwa Reply 1988 https://t.co/TwGeLlvece","juta masyarakat akan nikmati makan bergizi gratis mulai tahap pertama program mbg akan diselenggarakan serentak pada januariapril penerima manfaat sebanyak juta jiwa dan diberikan satu kali dalam sehari mingyu smp berkah dalam hobi hasto mata najwa reply",""
"1.8695951257118E+018","PEKNAS sebagai mitra dari Badan Gizi Nasional akan terus bersinergi dn berkolaborasi supaya realisasi program MBG tsb supaya tepat sasaran dn sesuai target dn tujuan. 
Dgn asupan gizi yg cukup,peserta didik mampu belajar dg  baik demi meningkatkan kualitas akademiknya. 
#PEKNAS https://t.co/Q3ez879bky","peknas sebagai mitra dari badan gizi nasional akan terus bersinergi dan berkolaborasi supaya realisasi program mbg tersebut supaya tepat sasaran dan sesuai target dan tujuan dgn asupan gizi yang cukuppeserta didik mampu belajar dengan baik demi meningkatkan kualitas akademiknya peknas",""
"1.86827251665094E+018","#MakanBergiziMenuIkan tsb tak hanya menguatkan komitmen BPPSDM KP thd Program Prioritas Nasional dan Quick Win @kkpgoid saja, melainkan turut mendukung #Gemarikan dan program nasional #MBG serta meningkatkan konsumsi ikan sbg pemenuhan gizi bagi masyarakat. 

#SDMUnggul https://t.co/A3Ou00TES2","makanbergizimenuikan tersebut tak hanya menguatkan komitmen bppsdm kp thd program prioritas nasional dan quick win saja melainkan turut mendukung gemarikan dan program nasional mbg serta meningkatkan konsumsi ikan sebagai pemenuhan gizi bagi masyarakat sdmunggul",""
"1.86823454507551E+018","Pemerintah akan meluncurkan Program Makan Bergizi Gratis (MBG) pada tahun 2025. Program ini diproyeksikan menghasilkan perputaran uang hingga Rp8 miliar per desa per tahun.

#MakanBergiziGratis #ProgramPemerintah #GiziUntukSemua https://t.co/beVC97koJY","pemerintah akan meluncurkan program makan bergizi gratis mbg pada tahun program ini diproyeksikan menghasilkan perputaran uang hingga rp miliar per desa per tahun makanbergizigratis programpemerintah giziuntuksemua",""
"1.87208193273518E+018","Program MBG yang di inisiasi oleh Presiden Prabowo dirancang dengan prinsip pemerataan dan aksesibilitas, jadi takada pembebanan biaya pada siswa ataupun orang tuanya, semua murni di biayai pemerintah 

 Ria SW Bandung Azerbaijan Airlines Liverpool Dara Diskon 100% Chelsea https://t.co/4UVpO2Nm8X","program mbg yang di inisiasi oleh presiden prabowo dirancang dengan prinsip pemerataan dan aksesibilitas jadi takada pembebanan biaya pada siswa ataupun orang tuanya semua murni di biayai pemerintah ria sw bandung azerbaijan airlines liverpool dara diskon chelsea",""
"1.87225242590374E+018","Program Makan Bergizi Gratis (MBG) akan dimulai pada 6 Januari 2025, seperti diumumkan Kepala Badan Gizi Nasional, Dadan Hindayana. 

#ProgramGizi #makanbergizigratis https://t.co/eFTl0DKHB4","program makan bergizi gratis mbg akan dimulai pada januari seperti diumumkan kepala badan gizi nasional dadan hindayana programgizi makanbergizigratis",""
"1.87003596101247E+018","Firman Soebagyo Tekankan Program MBG Prabowo-Gibran Harus Topang Kebutuhan Gizi Anak 

#partaigolkar #golkarindonesia 
#bahlillahadalia #golkarpedia 
#GolkarSolid

https://t.co/GgHnpRyb4Z via @GolkarToday","firman soebagyo tekankan program mbg prabowogibran harus topang kebutuhan gizi anak partaigolkar golkarindonesia bahlillahadalia golkarpedia golkarsolid via",""
"1.86809177433141E+018","Kepala Bapanas Arief Prasetyo Adi menyatakan tidak masalah harga satuan porsi program MBG, nominal 10ribu ataupun 15ribu/ porsi MBG cukup jika sesuai porsinya

UMKM Jepang Jay Idzes Lucas 
Gibran Malming Endrick https://t.co/IbwBrHN19z","kepala bapanas arief prasetyo adi menyatakan tidak masalah harga satuan porsi program mbg nominal ribu ataupun ribu porsi mbg cukup jika sesuai porsinya umkm jepang jay idzes lucas gibran malming endrick",""
"1.86879326351339E+018","Pemerintah Indonesia siap meluncurkan Program MBG  2 Januari 2025, sebagai bagian dari upaya memperbaiki kualitas gizi anak-anak Indonesia. Setelah melalui uji coba intensif, berbagai proses telah dipersiapkan dengan matang, 

No Viral No Justice Feni gjls
 PPN 12% Winamp BPJSTK https://t.co/mYBkVZsXQO","pemerintah indonesia siap meluncurkan program mbg januari sebagai bagian dari upaya memperbaiki kualitas gizi anakanak indonesia setelah melalui uji coba intensif berbagai proses telah dipersiapkan dengan matang no viral no justice feni gjls ppn winamp bpjstk",""
"1.87142087992769E+018","Program Makan Bergizi Gratis (MBG) akan secara bertahap mulai 6 Januari 2025 di seluruh Indonesia.
#momsupdate #update #mom #oneliner https://t.co/s3DELD6lRB","program makan bergizi gratis mbg akan secara bertahap mulai januari di seluruh indonesia momsupdate update mom oneliner",""
"1.87228311841109E+018","Klarifikasi Badan Gizi Nasional : Program Makan Bergizi Gratis Tidak memungut biaya apapun.

#makanbergizigratis #mbg #badangizinasional #pungli https://t.co/C4AVOtcnR9","klarifikasi badan gizi nasional program makan bergizi gratis tidak memungut biaya apapun makanbergizigratis mbak badangizinasional pungli",""
"1.86822783970909E+018","#MakanBergiziMenuIkan tsb tak hanya menguatkan komitmen BPPSDM KP thd Program Prioritas Nasional dan Quick Win @kkpgoid saja, melainkan turut mendukung #Gemarikan dan program nasional #MBG serta meningkatkan konsumsi ikan sbg pemenuhan gizi bagi masyarakat. 

#SDMUnggul https://t.co/J8ILeISrWx","makanbergizimenuikan tersebut tak hanya menguatkan komitmen bppsdm kp thd program prioritas nasional dan quick win saja melainkan turut mendukung gemarikan dan program nasional mbg serta meningkatkan konsumsi ikan sebagai pemenuhan gizi bagi masyarakat sdmunggul",""
"1.87391600417645E+018","Program Makan Bergizi Gratis (MBG) yang diinisiasi oleh Presiden Prabowo Subianto bertujuan menciptakan SDM unggul dengan memastikan pemenuhan gizi masyarakat, terutama anak-anak.

Sinergi lintas instansi #MBG #SDM #Indonesia #update #news #seketika
https://t.co/NLXN1hRjrr","program makan bergizi gratis mbg yang diinisiasi oleh presiden prabowo subianto bertujuan menciptakan sdm unggul dengan memastikan pemenuhan gizi masyarakat terutama anakanak sinergi lintas instansi mbg sdm indonesia update news seketika",""
"1.86811182120031E+018","#MakanBergiziMenuIkan tsb tak hanya menguatkan komitmen BPPSDM KP thd Program Prioritas Nasional dan Quick Win @kkpgoid saja, melainkan turut mendukung #Gemarikan dan program nasional #MBG serta meningkatkan konsumsi ikan sbg pemenuhan gizi bagi masyarakat. 

#SDMUnggul https://t.co/i7yvF4Dqom","makanbergizimenuikan tersebut tak hanya menguatkan komitmen bppsdm kp thd program prioritas nasional dan quick win saja melainkan turut mendukung gemarikan dan program nasional mbg serta meningkatkan konsumsi ikan sebagai pemenuhan gizi bagi masyarakat sdmunggul",""
"1.87396837289305E+018","Menteri Pertanian Andi Amran Sulaiman telah mengalokasikan anggaran sebesar Rp700 miliar untuk mendukung Program Makan Bergizi Gratis (MBG) yang akan dimulai pada Januari 2025.Â 

#amransulaiman #mbg #makansianggratis #dukung #kementan #mentan #makanbergizigratis #pemeniall https://t.co/lSOPT15VWK","menteri pertanian andi amran sulaiman telah mengalokasikan anggaran sebesar rp miliar untuk mendukung program makan bergizi gratis mbg yang akan dimulai pada januari amransulaiman mbak makansianggratis dukung kementan mentan makanbergizigratis pemeniall",""
"1.86811390730462E+018","#MakanBergiziMenuIkan tsb tak hanya menguatkan komitmen BPPSDM KP thd Program Prioritas Nasional dan Quick Win @kkpgoid saja, melainkan turut mendukung #Gemarikan dan program nasional #MBG serta meningkatkan konsumsi ikan sbg pemenuhan gizi bagi masyarakat. 

#SDMUnggul https://t.co/fTLR7B5G4v","makanbergizimenuikan tersebut tak hanya menguatkan komitmen bppsdm kp thd program prioritas nasional dan quick win saja melainkan turut mendukung gemarikan dan program nasional mbg serta meningkatkan konsumsi ikan sebagai pemenuhan gizi bagi masyarakat sdmunggul",""
"1.87228306399425E+018","Klarifikasi Badan Gizi Nasional : Program Makan Bergizi Gratis Tidak memungut biaya apapun.

#makanbergizigratis #mbg #badangizinasional #pungli https://t.co/pRtr4NuPV4","klarifikasi badan gizi nasional program makan bergizi gratis tidak memungut biaya apapun makanbergizigratis mbak badangizinasional pungli",""
"1.8714727083721E+018","Dukung makan siang gratis untuk anak-anak!  ðâ¨

#IndonesiaEmas #PresidenPrabowo #MakanBergiziGratis #bergizigratis #cegahstunting
#DaruratAduDomba https://t.co/LGJd3jn0Bl","dukung makan siang gratis untuk anakanak indonesiaemas presidenprabowo makanbergizigratis bergizigratis cegahstunting daruratadudomba",""
"1.87297454539897E+018","MBG hadir untuk 3 juta penerima, menuju 17 juta manfaat di Agustus 2025! ð±â¨

#IndonesiaEmas #PresidenPrabowo #MakanBergiziGratis #bergizigratis #cegahstunting https://t.co/4JKnAYSFTR","mbg hadir untuk juta penerima menuju juta manfaat di agustus indonesiaemas presidenprabowo makanbergizigratis bergizigratis cegahstunting",""
"1.87368175116134E+018","Siap dukung pangan bergizi, siap bangun generasi unggul! ð¾ðª

#IndonesiaEmas #PresidenPrabowo #MakanBergiziGratis #bergizigratis #cegahstunting
#EndabductionKe https://t.co/fLuqWTZ1ya","siap dukung pangan bergizi siap bangun generasi unggul indonesiaemas presidenprabowo makanbergizigratis bergizigratis cegahstunting endabductionke",""
"1.87252531826486E+018","MBG: Pangan bergizi, koperasi beraksi! ð¾â¨

#IndonesiaEmas #PresidenPrabowo #MakanBergiziGratis #bergizigratis #cegahstunting #SquidGame2 #zelena #MerryChristmas https://t.co/bJQrLSApJ0","mbg pangan bergizi koperasi beraksi indonesiaemas presidenprabowo makanbergizigratis bergizigratis cegahstunting squidgame zelena merrychristmas",""
"1.8718188321864E+018","Langkah kecil hari ini, generasi hebat esok hari! ð #IndonesiaEmas #PresidenPrabowo #MakanBergiziGratis #bergizigratis #cegahstunting https://t.co/Qkd8LqfwvB","langkah kecil hari ini generasi hebat esok hari indonesiaemas presidenprabowo makanbergizigratis bergizigratis cegahstunting",""
"1.86995342235682E+018","@kompascom program #MakanBergiziGratis bagus malah, tapi bukan itu masalahnya .. cara ""meyakinkannya"" yg bikin ragu. Model statement menteri bapak kemaren ðð¥","program makanbergizigratis bagus malah tapi bukan itu masalahnya cara meyakinkannya yang bikin ragu model statement menteri bapak kemarin",""
"1.87214613950994E+018","Wacana Susu Diganti Daun Kelor, Cak Imin: Masih Simulasi

#CakImin #daunkelor #MakanBergiziGratis
https://t.co/iddO96Iuho","wacana susu diganti daun kelor cak imin masih simulasi cakimin daunkelor makanbergizigratis",""
"1.87365930202164E+018","Gimana nih perkembangan program Makan Bergizi Gratis? ð¤
Simak postingan berikut yuk! â¨

#MakanBergiziGratis #MakanGratis #ProgramPrabowo #PendidikanKarakter #Indonesia https://t.co/CiZUOsXQpx","gimana nih perkembangan program makan bergizi gratis simak postingan berikut yuk makanbergizigratis makangratis programprabowo pendidikankarakter indonesia",""
"1.87184918073152E+018","Gizi terjamin, masa depan cerah! ð±

#IndonesiaEmas #PresidenPrabowo #MakanBergiziGratis #bergizigratis #cegahstunting #MerryChristmas #NatalMacabro https://t.co/BfZIVtx3cg","gizi terjamin masa depan cerah indonesiaemas presidenprabowo makanbergizigratis bergizigratis cegahstunting merrychristmas natalmacabro",""
"1.86849353855366E+018","Nutrisi untuk Anak, Kekuatan untuk Desa! ð¾ Prabowo naikkan peredaran uang 800% lewat program makan bergizi. Investasi masa depan yang cerdas! ðª #IndonesiaEmas #PresidenPrabowo #MakanBergiziGratis https://t.co/cogZY7h7is","nutrisi untuk anak kekuatan untuk desa prabowo naikkan peredaran uang lewat program makan bergizi investasi masa depan yang cerdas indonesiaemas presidenprabowo makanbergizigratis",""
"1.87115140750164E+018","Kepala Staf TNI Angkatan Laut (KSAL), Laksamana Muhammad Ali mengatakan pihaknya menargetkan untuk membangun 96 dapur umum di berbagai satuannya se-Indonesia. 

#presidenprabowo #prabowosubianto #makanbergizigratis #mbg #tnial #indonesiamaju #indonesiaemas #dekade08 https://t.co/UhbnyAI6NM","kepala staf tni angkatan laut ksal laksamana muhammad ali mengatakan pihaknya menargetkan untuk membangun dapur umum di berbagai satuannya seindonesia presidenprabowo prabowosubianto makanbergizigratis mbak tnial indonesiamaju indonesiaemas dekade",""
"1.87031019581937E+018","Tertib, hemat, dan sehat dengan makan bergizi setiap hari ð¥ð #MakanBergiziGratis https://t.co/cNVzoqX4DO","tertib hemat dan sehat dengan makan bergizi setiap hari makanbergizigratis",""
"1.87304074951806E+018","Bersama kita bisa! Mari wujudkan akses gizi yang merata bagi semua anak anak Indonesia dengan mendukung Program Makan Bergizi Gratis.  #BersamaUntukSehat #MakanBergiziGratis https://t.co/XF6g2zP5HL","bersama kita bisa mari wujudkan akses gizi yang merata bagi semua anak anak indonesia dengan mendukung program makan bergizi gratis bersamauntuksehat makanbergizigratis",""
"1.87317529031231E+018","MBG hadir membawa harapan baru bagi kesehatan ibu dan anak-anak. #MakanBergiziGratis #MakanBergiziBangunNegeri https://t.co/mljosjse4w","mbg hadir membawa harapan baru bagi kesehatan ibu dan anakanak makanbergizigratis makanbergizibangunnegeri",""
"1.87086326681535E+018","Udah siap makan bergizi gratis? ð«¡
Simak postingan berikut yuk! â¨

#MakanBergiziGratis #MakanGratis #ProgramPrabowo #PendidikanKarakter #Indonesia https://t.co/PDW5azwprU","udah siap makan bergizi gratis simak postingan berikut yuk makanbergizigratis makangratis programprabowo pendidikankarakter indonesia",""
"1.87190378440807E+018","Program resmi tidak memungut biaya apa pun. 

Jika menemukan praktik mencurigakan, segera laporkan ke pihak berwenang.

Sumber: CNN Indonesia
#badangizinasional #makanbergizigratis #pungli #prabowo #govmgz https://t.co/XRa2YewY8a","program resmi tidak memungut biaya apa pun jika menemukan praktik mencurigakan segera laporkan ke pihak berwenang sumber cnn indonesia badangizinasional makanbergizigratis pungli prabowo govmgz",""
"1.86847782713131E+018","Munculnya sambutan yang positif dari seluruh kalangan &amp; Wilayah, Program Makan Bergizi Gratis (MBG) maka program ini dapat berjalan dgn baik.
Terbukti dari uji coba yang dilakukan di berbagai daerah, semua gembira dan sukses.
****
#MakanBerGiziGratis 
#BadanGiziNaaional 
#PEKNAS https://t.co/jbwQY5nNi0","munculnya sambutan yang positif dari seluruh kalangan amp wilayah program makan bergizi gratis mbg maka program ini dapat berjalan dengan baik terbukti dari uji coba yang dilakukan di berbagai daerah semua gembira dan sukses makanbergizigratis badangizinaaional peknas",""
"1.87403803632307E+018","Daftar kemitraan untuk program Makan Bergizi Gratis itu GRATIS! Semua proses dilakukan hanya melalui situs resmi Badan Gizi Nasional. Waspadalah terhadap penipuan, pastikan informasi Anda berasal dari sumber resmi. #MakanBergiziGratis #IndonesiaEmas2045 #SwasembadaPangan https://t.co/vJKtvbMAwc","daftar kemitraan untuk program makan bergizi gratis itu gratis semua proses dilakukan hanya melalui situs resmi badan gizi nasional waspadalah terhadap penipuan pastikan informasi anda berasal dari sumber resmi makanbergizigratis indonesiaemas swasembadapangan",""
"1.87297451174384E+018","MBG hadir untuk 3 juta penerima, menuju 17 juta manfaat di Agustus 2025! ð±â¨

#IndonesiaEmas #PresidenPrabowo #MakanBergiziGratis #bergizigratis #cegahstunting https://t.co/klNzuTtIDM","mbg hadir untuk juta penerima menuju juta manfaat di agustus indonesiaemas presidenprabowo makanbergizigratis bergizigratis cegahstunting",""
"1.8736591113737E+018","Gimana nih perkembangan program Makan Bergizi Gratis? ð¤
Simak postingan berikut yuk! â¨

#MakanBergiziGratis #MakanGratis #ProgramPrabowo #PendidikanKarakter #Indonesia https://t.co/rF8anjzcD5","gimana nih perkembangan program makan bergizi gratis simak postingan berikut yuk makanbergizigratis makangratis programprabowo pendidikankarakter indonesia",""
"1.87184772347927E+018","Gizi terjamin, masa depan cerah! ð± 

#IndonesiaEmas #PresidenPrabowo #MakanBergiziGratis #bergizigratis #cegahstunting #MerryChristmas #Natal https://t.co/XOD8bPoIUL","gizi terjamin masa depan cerah indonesiaemas presidenprabowo makanbergizigratis bergizigratis cegahstunting merrychristmas natal",""
"1.87252501353189E+018","MBG: Pangan bergizi, koperasi beraksi! ð¾â¨

#IndonesiaEmas #PresidenPrabowo #MakanBergiziGratis #bergizigratis #cegahstunting #SquidGame2 #à¹à¸à¸à¸à¹à¹à¸¥à¸ªà¹à¸à¸­à¸£à¹ #MerryChristmas https://t.co/uUaP6Xlt6P","mbg pangan bergizi koperasi beraksi indonesiaemas presidenprabowo makanbergizigratis bergizigratis cegahstunting squidgame merrychristmas",""
"1.87368170189086E+018","Siap dukung pangan bergizi, siap bangun generasi unggul! ð¾ðª

#IndonesiaEmas #PresidenPrabowo #MakanBergiziGratis #bergizigratis #cegahstunting
#ParagonCountdown2025xOUROAD https://t.co/KjDadDxvl5","siap dukung pangan bergizi siap bangun generasi unggul indonesiaemas presidenprabowo makanbergizigratis bergizigratis cegahstunting paragoncountdownxouroad",""
"1.86860258465694E+018","Apa sih pentingnya Makan Bergizi Gratis? ð¤
Ternyata makan bergizi gratis juga mendukung pendidikan karakter bagi siswa di sekolah loh! Simak postingan berikut yuk! â¨

#MakanBergiziGratis #MakanGratis #ProgramPrabowo #PendidikanKarakter #Indonesia https://t.co/rN5NvY4MXV","apa sih pentingnya makan bergizi gratis ternyata makan bergizi gratis juga mendukung pendidikan karakter bagi siswa di sekolah loh simak postingan berikut yuk makanbergizigratis makangratis programprabowo pendidikankarakter indonesia",""
"1.87209924207409E+018","salah satu upayanya gais

#makanbergizigratis https://t.co/g5Zml0mdyX","salah satu upayanya gais makanbergizigratis",""
"1.87317545907433E+018","Nutrisi terbaik untuk keluarga kurang mampu, melalui MBG. #MakanBergiziGratis #MakanBergiziBangunNegeri https://t.co/bXH5x06AGN","nutrisi terbaik untuk keluarga kurang mampu melalui mbg makanbergizigratis makanbergizibangunnegeri",""
"1.87030965697713E+018","Makan bergizi, belajar tanggung jawab sejak dini ðâ¨ #MakanBergiziGratis https://t.co/1UzzsEWaDX","makan bergizi belajar tanggung jawab sejak dini makanbergizigratis",""
"1.87069658838304E+018","Polres Pasaman Barat Bagikan Ratusan Paket Makanan Bergizi Gratis untuk Murid SD

#MakanBergiziGratis #PolresPasbar
https://t.co/u9K6sIJkcN","polres pasaman barat bagikan ratusan paket makanan bergizi gratis untuk murid sd makanbergizigratis polrespasbar",""
"1.86924561164584E+018","Nutrisi sehat, generasi hebat! ðªâ¨ Dukung program Makan Bergizi untuk masa depan cerah anak-anak kita. ðð¥ #MakanBergiziGratis #GenerasiUnggul https://t.co/H0XQ7OhYKQ","nutrisi sehat generasi hebat dukung program makan bergizi untuk masa depan cerah anakanak kita makanbergizigratis generasiunggul",""
"1.87317547995783E+018","Program MBG, solusi nyata untuk meningkatkan kualitas kesehatan. #MakanBergiziGratis #MakanBergiziBangunNegeri https://t.co/PZoIewca5e","program mbg solusi nyata untuk meningkatkan kualitas kesehatan makanbergizigratis makanbergizibangunnegeri",""
"1.87223352604271E+018","Program Makan Bergizi hadir memastikan setiap anak Indonesia mendapat nutrisi terbaik tanpa pungutan dan tanpa beban.

 #PresidenPrabowo #MakanBergiziGratis #bergizigratis #cegahstunting #viral #IndonesiaEmas #MBG https://t.co/ShqjbxA5fJ","program makan bergizi hadir memastikan setiap anak indonesia mendapat nutrisi terbaik tanpa pungutan dan tanpa beban presidenprabowo makanbergizigratis bergizigratis cegahstunting viral indonesiaemas mbg",""
"1.86817503441583E+018","Uji Coba Makan Bergizi Gratis di Papua, Biaya Murah karena Libatkan Petani dan Nelayan

#MakanBergiziGratis #Papua #ujicoba
https://t.co/T4LmCGb4bo","uji coba makan bergizi gratis di papua biaya murah karena libatkan petani dan nelayan makanbergizigratis papua ujicoba",""
"1.87181853413499E+018","Gizi terjamin, masa depan cerah! ð± #IndonesiaEmas #PresidenPrabowo #MakanBergiziGratis #bergizigratis #cegahstunting https://t.co/9KCOerRYAt","gizi terjamin masa depan cerah indonesiaemas presidenprabowo makanbergizigratis bergizigratis cegahstunting",""
"1.86982284704627E+018","Alasan Wamen P2MI Gelar Simulasi Program Makan Bergizi Gratis di Babakan Cirebon https://t.co/ICU87TXq8Y #MakanBergiziGratis #Ciayumajakuning #CirebonTimur","alasan wamen pmi gelar simulasi program makan bergizi gratis di babakan cirebon makanbergizigratis ciayumajakuning cirebontimur",""
"1.87223307064624E+018","Program Makan Bergizi hadir memastikan setiap anak Indonesia mendapat nutrisi terbaik tanpa pungutan dan tanpa beban.

 #PresidenPrabowo #MakanBergiziGratis #bergizigratis #cegahstunting #viral #IndonesiaEmas #MBG https://t.co/MqevswKWb9","program makan bergizi hadir memastikan setiap anak indonesia mendapat nutrisi terbaik tanpa pungutan dan tanpa beban presidenprabowo makanbergizigratis bergizigratis cegahstunting viral indonesiaemas mbg",""
"1.87184765619424E+018","Gizi terjamin, masa depan cerah! ð±

#IndonesiaEmas #PresidenPrabowo #MakanBergiziGratis #bergizigratis #cegahstunting
#MerryChristmas #Natal https://t.co/9p4JmEFSZp","gizi terjamin masa depan cerah indonesiaemas presidenprabowo makanbergizigratis bergizigratis cegahstunting merrychristmas natal",""
"1.8685102006906E+018","7 Perintah Menteri BUMN kepada 8 BUMN
Menteri Erick mengarahkan 8 BUMN untuk mendukung visi Presiden Prabowo dalam mewujudkan generasi unggul yang sehat dan berdaya saing. ð¤â¨

#BUMNuntukIndonesia #MakanBergiziGratis #IndonesiaSehat #PLN #PLNUntukIndonesia","perintah menteri bumn kepada bumn menteri erick mengarahkan bumn untuk mendukung visi presiden prabowo dalam mewujudkan generasi unggul yang sehat dan berdaya saing bumnuntukindonesia makanbergizigratis indonesiasehat pln plnuntukindonesia",""
"1.87353050587197E+018","Sukseskan program makan bergizi gratis
#makanbergizigratis
#astacita https://t.co/jhOKxQ9Teu","sukseskan program makan bergizi gratis makanbergizigratis astacita",""
"1.86860255357295E+018","Apa sih pentingnya Makan Bergizi Gratis? ð¤
Ternyata makan bergizi gratis juga mendukung pendidikan karakter bagi siswa di sekolah loh! Simak postingan berikut yuk! â¨

#MakanBergiziGratis #MakanGratis #ProgramPrabowo #PendidikanKarakter #Indonesia https://t.co/3iq6Wim0V5","apa sih pentingnya makan bergizi gratis ternyata makan bergizi gratis juga mendukung pendidikan karakter bagi siswa di sekolah loh simak postingan berikut yuk makanbergizigratis makangratis programprabowo pendidikankarakter indonesia",""
"1.87146079871302E+018","Dukung penuh program Makan Bergizi Gratis dari Presiden @Prabowo! Mari kita wujudkan Indonesia Emas 2045 dengan generasi yang sehat dan cerdas! #IndonesiaEmas #PresidenPrabowo #MakanBergiziGratis #BergiziGratis #CegahStunting https://t.co/SP6tnJpbj7","dukung penuh program makan bergizi gratis dari presiden mari kita wujudkan indonesia emas dengan generasi yang sehat dan cerdas indonesiaemas presidenprabowo makanbergizigratis bergizigratis cegahstunting",""
"1.87121179556807E+018","Menyala Pak Presiden ku Pak Prabowo! Program Makan Bergizi Gratis mutlak untuk rakyat Indonesia. Coming soon January 2025

#makanbergizigratis #prabowo #presidenprabowo #indonesiamaju #indonesiaemas https://t.co/rPz4tW1JbD","menyala pak presiden ku pak prabowo program makan bergizi gratis mutlak untuk rakyat indonesia coming soon january makanbergizigratis prabowo presidenprabowo indonesiamaju indonesiaemas",""
"1.87086382615928E+018","Udah siap makan bergizi gratis? ð«¡
Simak postingan berikut yuk! â¨

#MakanBergiziGratis #MakanGratis #ProgramPrabowo #PendidikanKarakter #Indonesia https://t.co/dosBqrE3ug","udah siap makan bergizi gratis simak postingan berikut yuk makanbergizigratis makangratis programprabowo pendidikankarakter indonesia",""
"1.87362322065148E+018","Selain daun kelor memiliki kandungan gizi yang tinggi, susu murah juga bisa didapatkan dari peternak-peternak lokal! â¨ @cakiminow 

#susugratis #peternaksapi #makanbergizigratis #daunkelor https://t.co/6gjuIXNtiL","selain daun kelor memiliki kandungan gizi yang tinggi susu murah juga bisa didapatkan dari peternakpeternak lokal susugratis peternaksapi makanbergizigratis daunkelor",""
"1.87252486969664E+018","MBG: Pangan bergizi, koperasi beraksi! ð¾â¨

#IndonesiaEmas #PresidenPrabowo #MakanBergiziGratis #bergizigratis #cegahstunting https://t.co/rI5I8Yj24J","mbg pangan bergizi koperasi beraksi indonesiaemas presidenprabowo makanbergizigratis bergizigratis cegahstunting",""
"1.87255818508686E+018","UMKM jadi pihak yang paling dilibatkan dalam program makan bergizi gratis! Dan tentunya gunakan produk lokalâ¨ @cakiminow 

#makanbergizigratis #pkb https://t.co/Xh9a51UeXW","umkm jadi pihak yang paling dilibatkan dalam program makan bergizi gratis dan tentunya gunakan produk lokal makanbergizigratis pkb",""
"1.86992661275153E+018","PRIORITASKAN PANGAN LOKAL UNTUK MAKAN BERGIZI GRATIS - NEWS POINT

https://t.co/zeR90uz3Qq

#makanbergizigratis #panganlokal #dpr #diversifikasipangan","prioritaskan pangan lokal untuk makan bergizi gratis news point makanbergizigratis panganlokal dpr diversifikasipangan",""
"1.8732077432194E+018","Program MBG diharapkan mengurangi gizi buruk di Indonesia. Mari dukung dan awasi pelaksanaannya! #PresidenPrabowo #MakanBergiziGratis #bergizigratis #cegahstunting #viral #IndonesiaEmas #MBG https://t.co/p2dbcGwMXm","program mbg diharapkan mengurangi gizi buruk di indonesia mari dukung dan awasi pelaksanaannya presidenprabowo makanbergizigratis bergizigratis cegahstunting viral indonesiaemas mbg",""
"1.87475221204136E+018","Mari Kita Dukung Implementasi Program Makan Bergizi Gratis Untuk Kemajuan Generasi Bangsa

#MBG #DukungProgramPresiden https://t.co/WJks46BCOM","mari kita dukung implementasi program makan bergizi gratis untuk kemajuan generasi bangsa mbg dukungprogrampresiden",""
"1.87584993183735E+018","Program Makan Bergizi Gratis Mewujudkan SDM Unggul dan Bantu Perekonomian UMKM

#MBG #DukungProgramPresiden https://t.co/YtDd0bDUXL","program makan bergizi gratis mewujudkan sdm unggul dan bantu perekonomian umkm mbg dukungprogrampresiden",""
"1.87542812327115E+018","Program Makan Bergizi Gratis terbukti banyak berikan dampak positif 

#MBG #DukungProgramPresiden https://t.co/bdtOIgl70p","program makan bergizi gratis terbukti banyak berikan dampak positif mbg dukungprogrampresiden",""
"1.87579312457404E+018","Presiden Prabowo Subianto mengatakan program makan bergizi gratis akan berdampak positif terhadap perekonomian di desa. Dia meyakini akan terjadi peningkatan perputaran uang lima hingga tujuh kali di desa.

#prabowosubianto #prabowo #makanbergizigratis #ekonomidesa https://t.co/zYaX4i48p4","presiden prabowo subianto mengatakan program makan bergizi gratis akan berdampak positif terhadap perekonomian di desa dia meyakini akan terjadi peningkatan perputaran uang lima hingga tujuh kali di desa prabowosubianto prabowo makanbergizigratis ekonomidesa",""
"1.87437721874036E+018","Presiden Prabowo Subianto mengatakan program makan bergizi gratis akan berdampak positif terhadap perekonomian di desa. Ia meyakini akan terjadi peningkatan perputaran uang lima hingga tujuh kali di desa.

#PresidenPrabowo #PrabowoSubianto #MakanBergiziGratis https://t.co/wp8TUGL6XR","presiden prabowo subianto mengatakan program makan bergizi gratis akan berdampak positif terhadap perekonomian di desa ia meyakini akan terjadi peningkatan perputaran uang lima hingga tujuh kali di desa presidenprabowo prabowosubianto makanbergizigratis",""
"1.85663329622843E+018","Diantara semua semua kesepakatan untuk meningkatkan kerja sama kedua negara, Presiden Joe Biden mendukung program makan bergizi gratis yg di adakan oleh Presiden Prabowo Subianto, sebelum nya negara China pun memberikan dukungan juga. https://t.co/QzpaV0ogRJ","diantara semua semua kesepakatan untuk meningkatkan kerja sama kedua negara presiden joe biden mendukung program makan bergizi gratis yang di adakan oleh presiden prabowo subianto sebelum nya negara china pun memberikan dukungan juga",""
"1.85588678123918E+018","Makan bergizi gratis sdh jd program nasional secara offical, tentu kita dukung, mau apalagi.. tp tetap kita kritisi juga krn dananya bukan sedikit, bakal mencapai 500 T.

Ya terus terang juga klo sumber dananya dari utangan gosah kamuflase krn akn dibayar pajak rakyat nantinya","makan bergizi gratis sudah jadi program nasional secara offical tentu kita dukung mau apalagi tapi tetap kita kritisi juga karena dananya bukan sedikit bakal mencapai t ya terus terang juga kalo sumber dananya dari utangan gosah kamuflase karena akan dibayar pajak rakyat nantinya",""
"1.85708902366941E+018","Presiden Amerika Serikat (AS), Joe Biden, menyatakan dukungannya terhadap program makan bergizi gratis untuk siswa yang digagas oleh Prabowo Subianto! 

Sumber: https://t.co/2dYcT8LiZP

#GarudaTV #Laporan8 #viral #prabowo #Bidenomics https://t.co/Gx6xardvOy","presiden amerika serikat as joe biden menyatakan dukungannya terhadap program makan bergizi gratis untuk siswa yang digagas oleh prabowo subianto sumber garudatv laporan viral prabowo bidenomics",""
"1.85653197726618E+018","Pemerintah Provinsi (Pemprov) Bali ikut menyiapkan program pemerintah pusat makan bergizi gratis.
https://t.co/zqTunajdMr","pemerintah provinsi pemprov bali ikut menyiapkan program pemerintah pusat makan bergizi gratis",""
"1.85666371683161E+018","Pemerintah China mendukung pendanaan program Makan Bergizi Gratis (MBG) yang dicanangkan Presiden Prabowo Subianto. Dukungan pembiayaan itu disampaikan saat Prabowo menemui Presiden China Xi Jinping.
--
Dukungan itu dituangkan dalam nota kesepahaman (MoU) antara Pemerintah China https://t.co/yCcZsLm4zB","pemerintah china mendukung pendanaan program makan bergizi gratis mbg yang dicanangkan presiden prabowo subianto dukungan pembiayaan itu disampaikan saat prabowo menemui presiden china xi jinping dukungan itu dituangkan dalam nota kesepahaman mou antara pemerintah china",""
"1.85627943866663E+018","Program makan bergizi gratis boleh nambah ndak ya?

Mohon pencerahannya","program makan bergizi gratis boleh menambah indak ya mohon pencerahannya",""
"1.85596440130164E+018","Cina Dukung Program Makan Bergizi Gratis di Indonesia, Teken Pendanaan dengan Presiden Prabowo https://t.co/SFX9gaNYf6 lewat @Keuangan News","cina dukung program makan bergizi gratis di indonesia teken pendanaan dengan presiden prabowo lewat news",""
"1.85663439883126E+018","Joe Biden dukung program makan bergizi gratis yang digagas Prabowo https://t.co/KWArDesJzl","joe biden dukung program makan bergizi gratis yang digagas prabowo",""
"1.85686498079003E+018","Pemerintah Sebut KUR Bisa Sukseskan Program Makan Bergizi Gratis

https://t.co/QbIWcNNNJF","pemerintah sebut kur bisa sukseskan program makan bergizi gratis",""
"1.85690309528621E+018","Wakil Presiden RI, Gibran Rakabuming Raka, mengecek uji coba makan bergizi gratis di salah satu SD di Maros, Sulsel. Gibran juga tampak menyapa sejumlah siswa.

#maros #makanbergizigratis #makanangratis #wapres #gibranrakabumingraka #detikSulsel https://t.co/syfQOFPX8K","wakil presiden ri gibran rakabuming raka mengecek uji coba makan bergizi gratis di salah satu sd di maros sulsel gibran juga tampak menyapa sejumlah siswa maros makanbergizigratis makanangratis wapres gibranrakabumingraka detiksulsel",""
"1.85665059436854E+018","Koperasi Didorong Jadi Penyuplai Bahan Baku Makan Bergizi Gratis
https://t.co/ZOANgNeu7O","koperasi didorong jadi penyuplai bahan baku makan bergizi gratis",""
"1.85439334195132E+018","UEA menyatakan dukungannya terhadap program makan bergizi gratis yang dicanangkan Presiden Prabowo. UEA menyebut pihaknya memiliki program serupa. https://t.co/vCHQ4I5aej","uea menyatakan dukungannya terhadap program makan bergizi gratis yang dicanangkan presiden prabowo uea menyebut pihaknya memiliki program serupa",""
"1.85693886509086E+018","Tak Hanya Beri Dana, China Akan Pasok Pangan Program Makan Bergizi Gratis Prabowo, Lokal Tersingkir?
https://t.co/epcgFGll8C","tak hanya beri dana china akan pasok pangan program makan bergizi gratis prabowo lokal tersingkir",""
"1.85609665247987E+018","Anggaran untuk program makan bergizi gratis (MBG) di Surabaya diperkirakan tembus Rp 1,1 triliun. Dana sebanyak itu untuk memberikan makanan siap santap untuk hampir 400 ribuan siswa SD dan SMP se-Surabaya. Kebutuhan anggaran tersebut mulai dibahas Banggar DPRD Surabaya dan Tim https://t.co/vmZ2kDWQVF","anggaran untuk program makan bergizi gratis mbg di surabaya diperkirakan tembus rp triliun dana sebanyak itu untuk memberikan makanan siap santap untuk hampir ribuan siswa sd dan smp sesurabaya kebutuhan anggaran tersebut mulai dibahas banggar dprd surabaya dan tim",""
"1.85664554196449E+018","Wakil Presiden Gibran Rakabuming Raka, melakukan uji coba makan bergizi gratis, di SDN 103 Hasanuddin, Kabupaten Maros, Sulawesi Selatan. Selain membagikan makanan, wapres juga memberikan susu serta perlengkapan paket belajar ke siswa.

#WapresGibran #GibranRakabumingRaka https://t.co/Wm3UewQHM1","wakil presiden gibran rakabuming raka melakukan uji coba makan bergizi gratis di sdn hasanuddin kabupaten maros sulawesi selatan selain membagikan makanan wapres juga memberikan susu serta perlengkapan paket belajar ke siswa wapresgibran gibranrakabumingraka",""
"1.85663813997422E+018","Joe Biden dukung program makan bergizi gratis yang digagas Prabowo
https://t.co/1vTDck3DIJ","joe biden dukung program makan bergizi gratis yang digagas prabowo",""
"1.85666078300826E+018","Wakil Presiden RI, Gibran Rakabuming Raka, mengecek uji coba makan bergizi gratis di salah satu SD di Maros, Sulsel. Gibran juga tampak menyapa sejumlah siswa. https://t.co/GCPivrXoU4","wakil presiden ri gibran rakabuming raka mengecek uji coba makan bergizi gratis di salah satu sd di maros sulsel gibran juga tampak menyapa sejumlah siswa",""
"1.85663168806934E+018","Wakil Presiden RI Gibran Rakabuming Raka melakukan uji coba paket makan bergizi gratis di SDN 103 Hasanuddin, Kabupaten Maros, Sulawesi Selatan. Selain membagikan makanan, Wapres juga memberikan susu serta paket belajar kepada siswa di sekolah tersebut.

#gibranrakabumingraka https://t.co/Yd2ofj2ZIU","wakil presiden ri gibran rakabuming raka melakukan uji coba paket makan bergizi gratis di sdn hasanuddin kabupaten maros sulawesi selatan selain membagikan makanan wapres juga memberikan susu serta paket belajar kepada siswa di sekolah tersebut gibranrakabumingraka",""
"1.85402919232673E+018","Mendikdasmen Abdul Mu'ti sampaikan program prioritas kementeriannya adalah penguatan pendidikan karakter hingga makan siang bergizi. https://t.co/hiNEUAHQVP","mendikdasmen abdul muti sampaikan program prioritas kementeriannya adalah penguatan pendidikan karakter hingga makan siang bergizi",""
"1.85685497956444E+018","Pemkab tidak ada menganggarkan program makan bergizi gratis. Anggaran ini kemungkinan langsung turun dari pusat. https://t.co/pD2e3htlnY","pemkab tidak ada menganggarkan program makan bergizi gratis anggaran ini kemungkinan langsung turun dari pusat",""
"1.85629208133519E+018","Kunjungan Presiden Prabowo Subianto ke China pada 8-10 November 2024 menghasilkan sejumlah kesepakatan, termasuk dukungan pendanaan dari China untuk program makan bergizi gratis.

#China #PresidenPrabowo #tvOne https://t.co/EL7OC9BlWJ","kunjungan presiden prabowo subianto ke china pada november menghasilkan sejumlah kesepakatan termasuk dukungan pendanaan dari china untuk program makan bergizi gratis china presidenprabowo tvone",""
"1.85476579879707E+018","Pembagian Waktu Jam Makan Siang Gratis Ala Prabowo 

Dadan Hindayana sebagai Kepala Badan Gizi Nasional mengatakan karena pembagian jam makan siang yang berbeda-beda dari tiap jenjang sekolah, maka Makan Siang Gratis berubah menjadi Makan Bergizi Gratis.

#detikcom https://t.co/apuj3JOXfx","pembagian waktu jam makan siang gratis ala prabowo dadan hindayana sebagai kepala badan gizi nasional mengatakan karena pembagian jam makan siang yang berbedabeda dari tiap jenjang sekolah maka makan siang gratis berubah menjadi makan bergizi gratis detikcom",""
"1.8569383992379E+018","Presiden Joe Biden Dukung Program Makan Bergizi Gratis Prabowo https://t.co/lXDEASjUN2","presiden joe biden dukung program makan bergizi gratis prabowo",""
"1.85223990201806E+018","Wamensos Agus Jabo mengecek makan bergizi gratis untuk lansia dan disabilitas di Bambu Apus, Jaktim dengan menu sop hingga ayam bakar. https://t.co/nB1xRNWckG","wamensos agus jabo mengecek makan bergizi gratis untuk lansia dan disabilitas di bambu apus jaktim dengan menu sop hingga ayam bakar",""
"1.85692250737237E+018","Lakukan perjalanan ke sejumlah negara, Presiden Prabowo mengenalkan program makan bergizi gratis ke China dan AS. Kedua negara itu pun mendukung. https://t.co/VrKYjnYGrX","lakukan perjalanan ke sejumlah negara presiden prabowo mengenalkan program makan bergizi gratis ke china dan as kedua negara itu pun mendukung",""
"1.85698391230582E+018","Selain Bahas Sengketa Laut China Selatan dan Konflik Gaza dengan Prabowo, Biden Dukung Program Makan Bergizi Gratis

https://t.co/51G41ozbVn","selain bahas sengketa laut china selatan dan konflik gaza dengan prabowo biden dukung program makan bergizi gratis",""
"1.85633751177931E+018","Ahli gizi masyarakat DR. dr. Tan Shot Yen, M.hum tanggapi usulan Kementerian kelautan dan Perikanan (KKP) untuk memasukkan ikan kaleng ke dalam menu Makan Bergizi Gratis. Ia pun memberikan beberapa catatan sebagai berikut! https://t.co/x0hwONCO9c","ahli gizi masyarakat dr dari tan shot yen mhum tanggapi usulan kementerian kelautan dan perikanan kkp untuk memasukkan ikan kaleng ke dalam menu makan bergizi gratis ia pun memberikan beberapa catatan sebagai berikut",""
"1.85665017371339E+018","Program Makan Bergizi Gratis Indonesia Dapat Dukungan dari Presiden AS Joe Biden
https://t.co/gNiEfI2azf","program makan bergizi gratis indonesia dapat dukungan dari presiden as joe biden",""
"1.8562460161665E+018","DPR Setujui Revisi UU DKJ, Demokrat Tekankan Prioritas Program Makan Bergizi Gratis 

https://t.co/Nss4XXbGBf","dpr setujui revisi uu dkj demokrat tekankan prioritas program makan bergizi gratis",""
"1.85701187239173E+018","Pemerintah Provinsi Sulawesi Selatan siap mendukung pelaksanaan program makan bergizi gratis bagi anak sekolah. Program itu dicanangkan Presiden Prabowo Subianto dan Wakil Presiden Gibran Rakabuming Raka.

#IDNTimesSulsel

https://t.co/79FOpvZm4C https://t.co/fjn05rhmMS","pemerintah provinsi sulawesi selatan siap mendukung pelaksanaan program makan bergizi gratis bagi anak sekolah program itu dicanangkan presiden prabowo subianto dan wakil presiden gibran rakabuming raka idntimessulsel",""
"1.85662992189827E+018","Video: Momen Gibran Cek Makan Bergizi Gratis di SD 103 Maros https://t.co/sNc4SCVLxu","video momen gibran cek makan bergizi gratis di sd maros",""
"1.85668726543264E+018","Wakil Presiden Gibran Rakabuming melakukan pemantauan program unggulan Presiden Prabowo Subianto, yaitu Makan Bergizi Gratis (MBG) di SDN 103 Inpres Hasanuddin, Makassarm pada Rabu, 13 November 2024

#Gibran #Wapres #Makassar #MakanBergizi #PRMN https://t.co/422pa8MTRH","wakil presiden gibran rakabuming melakukan pemantauan program unggulan presiden prabowo subianto yaitu makan bergizi gratis mbg di sdn inpres hasanuddin makassarm pada rabu november gibran wapres makassar makanbergizi prmn",""
"1.85698542553108E+018","ð Ikan kaleng dalam program Makan Bergizi Gratis? Ahli gizi dr. Tan Shot Yen punya catatan penting! ð ð

Yuk, detikers simak selengkapnya di sini! ðð»

#detikfood #MakanBergiziÂ #IkanKaleng https://t.co/lUZkHngrBq","ikan kaleng dalam program makan bergizi gratis ahli gizi dari tan shot yen punya catatan penting yuk detikers simak selengkapnya di sini detikfood makanbergizi ikankaleng",""
"1.85623296393732E+018","Gibran Titip Kepala Dinas Pendidikan Kawal Makan Bergizi Gratis #BNetwork
https://t.co/OAo2aEb8JT","gibran titip kepala dinas pendidikan kawal makan bergizi gratis bnetwork",""
"1.85658601674603E+018","Presiden Amerika Serikat (AS), Joe Biden mendukung program makan siang bergizi gratis yang diusung Presiden RI, Prabowo Subianto.

https://t.co/PlIrarwT4T","presiden amerika serikat as joe biden mendukung program makan siang bergizi gratis yang diusung presiden ri prabowo subianto",""
"1.85657396057156E+018","1.500 Siswa SD di Jepara Girang Dapat Makan Bergizi Gratis, Inginnya Setiap Hari Ada
https://t.co/yWk1bZmfha","siswa sd di jepara girang dapat makan bergizi gratis inginnya setiap hari ada",""
"1.8568758722987E+018","""Waspada jebakan utang China dibalik bantuan makan siang bergizi. Dalam politik,tak ada makan siang gratis""

Dana utk makan siang gratis program Prabowo-Gibran dr hasil utang ke China tapi oleh pendukung wowo,yg gak pilih wowo gak boleh dapat jatah makan siang gratis,kocak pollð¤£ https://t.co/rnx3TeOdQ5","waspada jebakan utang china dibalik bantuan makan siang bergizi dalam politiktak ada makan siang gratis dana untuk makan siang gratis program prabowogibran dari hasil utang ke china tapi oleh pendukung wowoyg enggak pilih wowo enggak boleh dapat jatah makan siang gratiskocak poll",""
"1.85665938565492E+018","Wakil Presiden Gibran Rakabuming Raka berkunjung ke Kabupaten Maros, Sulawesi Selatan, Rabu (13/11). Gibran meninjau simulasi pemberian makan bergizi gratis di SDN 103 Inpres Hasanuddin, di Kecamatan Mandai.

#IDNTimesSulsel

https://t.co/lTEFXu8KQj https://t.co/qQPUqr9mLJ","wakil presiden gibran rakabuming raka berkunjung ke kabupaten maros sulawesi selatan rabu gibran meninjau simulasi pemberian makan bergizi gratis di sdn inpres hasanuddin di kecamatan mandai idntimessulsel",""
"1.85684248708144E+018","Ikan kaleng diusulkan di menu program Makan Bergizi Gratis (MBG). Kenapa tak makan ikan segar langsung? Ini alasannya. https://t.co/zzsGeAWXCl","ikan kaleng diusulkan di menu program makan bergizi gratis mbg kenapa tak makan ikan segar langsung ini alasannya",""
"1.85610243364852E+018","Gibran Titip Kepala Dinas Pendidikan Kawal Makan Bergizi Gratis https://t.co/8JUH6hquuE","gibran titip kepala dinas pendidikan kawal makan bergizi gratis",""
"1.85667178163911E+018","Kemenko Perekonomian dorong optimalisasi KUR untuk mendukung program prioritas pemerintah, termasuk ketahanan pangan dan makan bergizi gratis. https://t.co/Ifhbz2TpIf","kemenko perekonomian dorong optimalisasi kur untuk mendukung program prioritas pemerintah termasuk ketahanan pangan dan makan bergizi gratis",""
"1.85704848205533E+018","Kopontren Al-Ittifaq, Role Model Makan Bergizi Gratis
https://t.co/kIjzRk2KlB","kopontren alittifaq role model makan bergizi gratis",""
"1.85687947358652E+018","Airlangga Hartarto Sebut China Siap Dukung Program Makan Bergizi Gratis di RI
#bahlillahadalia #kuningkeren #golkarindonesia #partaigolkar #golkarpedia
https://t.co/PCtyr3Rs2a","airlangga hartarto sebut china siap dukung program makan bergizi gratis di ri bahlillahadalia kuningkeren golkarindonesia partaigolkar golkarpedia",""
"1.85695698025621E+018","Mendes PDT Yandri meresmikan Edu Wisata Agrobisnis Desa Sodong di Kecamatan Tigaraksa, Tangerang, dengan harapan desa tersebut dapat memaksimalkan potensi unggulannya untuk mendukung program Makan Bergizi Gratis (MBG). https://t.co/dfUGzhDN5Z","mendes pdt yandri meresmikan edu wisata agrobisnis desa sodong di kecamatan tigaraksa tangerang dengan harapan desa tersebut dapat memaksimalkan potensi unggulannya untuk mendukung program makan bergizi gratis mbg",""
"1.85632965581463E+018","Makanya gue bilang, MoU antara Indonesia-China tentang pendanaan Program Makan Bergizi gratis itu bakal nyerempet ke impor sayuran.

TK asal China di Morowali itu gak ada di MoU, tapi perlahan berdatangan dengan alasan transfer knowledge (ada di MoU ttg transfer knowledge). https://t.co/IY7r04tOqo","makanya gue bilang mou antara indonesiachina tentang pendanaan program makan bergizi gratis itu bakal nyerempet ke impor sayuran tk asal china di morowali itu enggak ada di mou tapi perlahan berdatangan dengan alasan transfer knowledge ada di mou tentang transfer knowledge",""
"1.85628193359834E+018","Kementerian Pertanian hingga Badan Pangan Nasional optimistis pada produksi pangan lokal untuk program Makan Bergizi Gratis (MBG). Hal itu guna mendukung kemandirian pangan dalam negeri. https://t.co/wmSHSziqJz","kementerian pertanian hingga badan pangan nasional optimistis pada produksi pangan lokal untuk program makan bergizi gratis mbg hal itu guna mendukung kemandirian pangan dalam negeri",""
"1.85651129319861E+018","Menkop Budi Arie Setiadi mendorong hilirisasi produksi susu melalui koperasi supaya bisa mendukung program Makan Bergizi Gratis (MBG).

#mbg #makanbergizigratis #menkop #susu
https://t.co/bBuLuJPjzj","menkop budi arie setiadi mendorong hilirisasi produksi susu melalui koperasi supaya bisa mendukung program makan bergizi gratis mbg mbak makanbergizigratis menkop susu",""
"1.856659149293E+018","Meutya Hafid: Kementerian Komdigi Kampanyekan Makan Bergizi Gratis

https://t.co/2vXL0cABlc","meutya hafid kementerian komdigi kampanyekan makan bergizi gratis",""
"1.85697032393533E+018","ð Ikan kaleng diusulkan jadi menu Makan Bergizi Gratis! ð¤

detikers! Ternyata, ikan kaleng tetap punya kandungan gizi yang baik, lho! Simak penjelasan lengkapnya di sini. ðð»ð

#detikfood #MakanBergizi #IkanKaleng https://t.co/VN71ZCyaao","ikan kaleng diusulkan jadi menu makan bergizi gratis detikers ternyata ikan kaleng tetap punya kandungan gizi yang baik lho simak penjelasan lengkapnya di sini detikfood makanbergizi ikankaleng",""
"1.85634119785137E+018","Semoga program makan siang bergizi gratis benar2 terealisasi dengan baik, suara memanggil2 wapres bener2 membuat miris, yg kemarin menentang makan siang bergizi gratis pantesan di kalahkan di pilpres https://t.co/VoJRb4l3Wd","semoga program makan siang bergizi gratis benar terealisasi dengan baik suara memanggil wapres benar membuat miris yang kemarin menentang makan siang bergizi gratis pantesan di kalahkan di pilpres",""
"1.85686173326217E+018","Kesediaan China mengongkosi program makan bergizi gratis dinilai bakal memberatkan Indonesia dalam jangka panjang. Meminjam pepatah ""tidak ada makan siang gratis"", pemberian pinjaman itu sudah pasti ada timbal baliknya, kata pengamat ekonomi. https://t.co/N3UPXFdRla","kesediaan china mengongkosi program makan bergizi gratis dinilai bakal memberatkan indonesia dalam jangka panjang meminjam pepatah tidak ada makan siang gratis pemberian pinjaman itu sudah pasti ada timbal baliknya kata pengamat ekonomi",""
"1.85701172634182E+018","Pemerintah China telah sepakat untuk mendanai program makan bergizi gratis di bawah pemerintahan Presiden Prabowo Subianto dan Wakil Presiden Gibran Rakabuming Raka. 

#IDNTimesBusiness 

https://t.co/XzRHu8rGsl https://t.co/bKoCWqiE0F","pemerintah china telah sepakat untuk mendanai program makan bergizi gratis di bawah pemerintahan presiden prabowo subianto dan wakil presiden gibran rakabuming raka idntimesbusiness",""
"1.8558981788576E+018","Bantu Danai = Pendanaan = Utangâï¸
âProyek-program-makan-siang-bergizi-gratisâ

Analogi: Kas Bon Makan â¦ #Nalar ð https://t.co/rpJsdgsrBp","bantu danai pendanaan utang proyekprogrammakansiangbergizigratis analogi kas bon makan nalar",""
"1.85677767615907E+018","Gayung Bersambut, WFP Dukung Program Makan Bergizi Gratis Prabowo-Gibran https://t.co/4OU0w6wmLB","gayung bersambut wfp dukung program makan bergizi gratis prabowogibran",""
"1.85661765583653E+018","Amerika Serikat menyatakan mendukung Program Makan Bergizi Gratis (MBG) untuk anak sekolah, inisiatif pemerintahan Presiden Prabowo Subianto.

Hal itu tertuang dalam rilis media Gedung Putih, usai Prabowo bertemu Biden dalam rangka peringatan 75 tahun hubungan diplomatik kedua https://t.co/wP920yocPB","amerika serikat menyatakan mendukung program makan bergizi gratis mbg untuk anak sekolah inisiatif pemerintahan presiden prabowo subianto hal itu tertuang dalam rilis media gedung putih usai prabowo bertemu biden dalam rangka peringatan tahun hubungan diplomatik kedua",""
"1.85692518887869E+018","China bantu Prabowo ongkosi makan bergizi gratis, tapi 'tidak ada makan siang gratis' - Apa 'timbal balik' yang diminta China?
https://t.co/zTVAVtRpOf","china bantu prabowo ongkosi makan bergizi gratis tapi tidak ada makan siang gratis apa timbal balik yang diminta china",""
"1.85634886032888E+018","Kabarnya program makan siang gratis akan mendapatkan bantuan dana dari China.

China Akan Bantu Danai Program Makan Bergizi Gratis Prabowo https://t.co/tXRUHdpZrY https://t.co/bmtzk2LYzv","kabarnya program makan siang gratis akan mendapatkan bantuan dana dari china china akan bantu danai program makan bergizi gratis prabowo",""
"1.85665136517254E+018","Libatkan Koperasi, Program Makan Bergizi Gratis Gerakan Perekonomian Rakyat
https://t.co/r2entFMisD","libatkan koperasi program makan bergizi gratis gerakan perekonomian rakyat",""
"1.85624321975724E+018","Pemerintah sepakat China dukung pendanaan makan bergizi gratis Prabowo

Ane jadi inget kata-katanya Hasyim wektu kampanye
""Dana diambilkan dari menutup kebocoran2""
Dan..mayoritas penduduk kena kibul. 
Alhamdulillah ane kgak, wektu ituh ndilalah kuwota ane pas abis.. https://t.co/yo5NnzKPc2","pemerintah sepakat china dukung pendanaan makan bergizi gratis prabowo ane jadi ingat katakatanya hasyim wektu kampanye dana diambilkan dari menutup kebocoran danmayoritas penduduk kena kibul alhamdulillah ane kagak wektu itu ndilalah kuwota ane pas habis",""
"1.8566370040518E+018","Alhamdulillah, tadi pagi sy berkesempatan melihat dari dekat uji coba program Makan Bergizi Gratis yg diiniasi oleh Pak Presiden Pak @prabowo yg kebetulan titiknya di dapil saya, Kab Sukabumi, Kec Warung Kiara. Dapur ini sdh berjalan 11 bln dan melayani 3.000 lbh siswa PAUD https://t.co/y93uzA6gjs","alhamdulillah tadi pagi saya berkesempatan melihat dari dekat uji coba program makan bergizi gratis yang diiniasi oleh pak presiden pak yang kebetulan titiknya di dapil saya kab sukabumi kec warung kiara dapur ini sudah berjalan bulan dan melayani lebih siswa paud",""
"1.85630456525319E+018","Selain bersilaturahmi, tujuan kami berkunjung ke BGN adalah untuk bekerjasama dalam mengawal program prioritas pemerintah yakni Makan Bergizi Gratis â
---
Kita tunggu yuk kolaborasinya kedepan #sahabathalal â¨

#wajibhalal #bpjph #makanbergizigratis https://t.co/SadQFd6zTB","selain bersilaturahmi tujuan kami berkunjung ke bgn adalah untuk bekerjasama dalam mengawal program prioritas pemerintah yakni makan bergizi gratis kita tunggu yuk kolaborasinya kedepan sahabathalal wajibhalal bpjph makanbergizigratis",""
"1.85671449862486E+018","Mendukung artinya akan dapat utangan dari China dan Amerika Serikat guna merealisasikan program makan gratis.

Setujukah program makan bergizi gratis anggarannya diambil dari utang ke negara lain ?","mendukung artinya akan dapat utangan dari china dan amerika serikat guna merealisasikan program makan gratis setujukah program makan bergizi gratis anggarannya diambil dari utang ke negara lain",""
"1.8563362142968E+018","Satu2nya Kepala Daerah yg gencar sosialisasi Asta Cita, Makan Gizi Gratis.
Pemprov Sulbar Gencar Sosialisasikan Makan Bergizi Gratis
@prabowo , @gibran_tweet 
@kemendagri
@titokarnavian_
@badangizinasional 
@tempodotco
https://t.co/6KiiT8aHIK","satunya kepala daerah yang gencar sosialisasi asta cita makan gizi gratis pemprov sulbar gencar sosialisasikan makan bergizi gratis",""
"1.8567032267768E+018","Pemkot Palembang mendukung penuh program makan bergizi gratis untuk siswa sekolah yang digagas Presiden Prabowo. Dana program ini akan dialihkan dari penghematan anggaran perjalanan dinas luar kota setiap OPD di Palembang.

#IDNTimesSumsel 

https://t.co/IMxfkekCCb https://t.co/SXbrGGVS24","pemkot palembang mendukung penuh program makan bergizi gratis untuk siswa sekolah yang digagas presiden prabowo dana program ini akan dialihkan dari penghematan anggaran perjalanan dinas luar kota setiap opd di palembang idntimessumsel",""
"1.85667382737734E+018","KEGIATAN MAS WAPRES HARI INI 

Meninjau simulasi makan bergizi gratis di SDN 103 Hasanuddin,Kabupaten Maros, Sulawesi Selatan ,Rabu, 13/11. 

Sebanyak 800 paket makan bergizi gratis dibagikan. 

Dalam paket makanan, terdapat informasi gizi per sajian. Anak-anak nampak senang. https://t.co/zsJGP8zBAF","kegiatan mas wapres hari ini meninjau simulasi makan bergizi gratis di sdn hasanuddinkabupaten maros sulawesi selatan rabu sebanyak paket makan bergizi gratis dibagikan dalam paket makanan terdapat informasi gizi per sajian anakanak menampak senang",""
"1.85619785187922E+018","Program Makan Bergizi Gratis Tekan Angka Stunting
#DPRD #DPRDDKI #DPRDDKIJAKARTA
https://t.co/By2JuV76uX","program makan bergizi gratis tekan angka stunting dprd dprddki dprddkijakarta",""
"1.85622633460077E+018","Koperasi akan memainakn peran utama dalam mendukung program makan bergizi gratis, mulai dari memasok bahan baku, produksi makanan hingga pengantaran ke sekolah-sekolah! @cakimiNOW 

#koperasi #makanbergizigratis #gusmuhaimin #menkopm https://t.co/4MFBYz9h7p","koperasi akan memainakn peran utama dalam mendukung program makan bergizi gratis mulai dari memasok bahan baku produksi makanan hingga pengantaran ke sekolahsekolah koperasi makanbergizigratis gusmuhaimin menkopm",""
"1.85693105429439E+018","Bahas Laut China Selatan-Gaza, Biden Dukung Makan Bergizi Gratis

https://t.co/qzpCzQgaSG

#padangekspres https://t.co/jLl1D7AZhb","bahas laut china selatangaza biden dukung makan bergizi gratis padangekspres",""
"1.85620830982679E+018","Makan Bergizi Gratis https://t.co/2TBuTNNGwv","makan bergizi gratis",""
"1.8566615121251E+018","Wakil Presiden Gibran Rakabuming Raka meninjau simulasi program unggulan makan bergizi gratis di SDN 103 Hasanuddin, Kabupaten Maros, Sulawesi Selatan pada Rabu (13/11). 

Ratusan box makanan dibagikan ke siswa-siswi SDN 103 Hasanuddin. Adapun makan siang gratis yang dibagikan https://t.co/kQ1UHRlLlg","wakil presiden gibran rakabuming raka meninjau simulasi program unggulan makan bergizi gratis di sdn hasanuddin kabupaten maros sulawesi selatan pada rabu ratusan box makanan dibagikan ke siswasiswi sdn hasanuddin adapun makan siang gratis yang dibagikan",""
"1.85658881322691E+018","Wapres Gibran Rakabuming Raka Tinjau Program Makan Bergizi Gratis di Maros https://t.co/tcUaq4CiWX","wapres gibran rakabuming raka tinjau program makan bergizi gratis di maros",""
"1.85651178937226E+018","RAKYAT TAMBAH UTANG, TAIPAN TAMBAH KAYA....

PRABOWO SEBUT CHINA AKAN DUKUNG PENDANAAN PROGRAM MAKAN BERGIZI GRATIS....â¼ï¸

#LaporkanJokowiKeMasWapres
#LaporkanJokowiKeMasWapres
ðð https://t.co/GF9PgY2Q5V","rakyat tambah utang taipan tambah kaya prabowo sebut china akan dukung pendanaan program makan bergizi gratis laporkanjokowikemaswapres laporkanjokowikemaswapres",""
"1.85658232174461E+018","Pemkot Palembang Alihkan Dana Dinas Luar untuk Makan Bergizi Gratis
https://t.co/IMxfkekCCb","pemkot palembang alihkan dana dinas luar untuk makan bergizi gratis",""
"1.8538317799557E+018","Badan Gizi Nasional (BGN) mendorong pangan lokal Papua jadi menu di program Makan Bergizi Gratis (MBG). Hal itu diharapkan dapat meningkatkan sistem pangan sekaligus kecukupan gizi anak-anak di Papua. https://t.co/dFMYKV0nFf","badan gizi nasional bgn mendorong pangan lokal papua jadi menu di program makan bergizi gratis mbg hal itu diharapkan dapat meningkatkan sistem pangan sekaligus kecukupan gizi anakanak di papua",""
"1.85487518436241E+018","ð 7 Arahan Menteri BUMN untuk Sukseskan Program Makan Bergizi Gratis Presiden Prabowoð

Menteri BUMN, Erick Thohir, mendukung penuh kolaborasi antara Kementerian BUMN dan Badan Gizi Nasional melalui Program Makan Bergizi Gratis (MBG). https://t.co/z8MR8tRDLe","arahan menteri bumn untuk sukseskan program makan bergizi gratis presiden prabowo menteri bumn erick thohir mendukung penuh kolaborasi antara kementerian bumn dan badan gizi nasional melalui program makan bergizi gratis mbg",""
"1.85594314890593E+018","Program unggulan Presiden Prabowo Subianto yakni Makan Bergizi Gratis (MBG) bakal dilaksanakan mulai 2 Januari 2025. MBG salah satu program unggulan Presiden Prabowo yang berdampak pada peningkatan konsentrasi belajar dan kesehatan anak-anak.
#IndonesiaEmas
#MakanBergiziGratis https://t.co/ltRrGYzQ3C","program unggulan presiden prabowo subianto yakni makan bergizi gratis mbg bakal dilaksanakan mulai januari mbg salah satu program unggulan presiden prabowo yang berdampak pada peningkatan konsentrasi belajar dan kesehatan anakanak indonesiaemas makanbergizigratis",""
"1.85258797384747E+018","Penjabat (Pj) Gubernur DKI Jakarta, Teguh Setyabudi meninjau langsung uji coba program Makan Bergizi Gratis (MBG) di SMA Negeri 69 dan SD Negeri 02 Pulau Pramuka

#PresidenPrabowo #PrabowoSubianto #PercepatanPembangunan
#IndonesiaKuat
#IndonesiaMaju https://t.co/Ny0sFaWv1W","penjabat pj gubernur dki jakarta teguh setyabudi meninjau langsung uji coba program makan bergizi gratis mbg di sma negeri dan sd negeri pulau pramuka presidenprabowo prabowosubianto percepatanpembangunan indonesiakuat indonesiamaju",""
"1.85584389946784E+018","ð 7 Arahan Menteri BUMN untuk Sukseskan Program Makan Bergizi Gratis Presiden Prabowo ð

Menteri BUMN, Erick Thohir, mendukung penuh kolaborasi antara Kementerian BUMN dan Badan Gizi Nasional melalui Program Makan Bergizi Gratis (MBG). https://t.co/1G3dKsWa3C","arahan menteri bumn untuk sukseskan program makan bergizi gratis presiden prabowo menteri bumn erick thohir mendukung penuh kolaborasi antara kementerian bumn dan badan gizi nasional melalui program makan bergizi gratis mbg",""
"1.85482299857619E+018","Dalam acara ini, MenKop Budi Arie Setiadi memaparkan rencana strategis yang akan diimplementasikan dalam lima tahun ke depan salah satunya adalah keterlibatan aktif koperasi dalam mendukung pelaksanaan Program Makan Bergizi Gratis (MBG). ðð¥

#AyoBerkoperasi
#KoperasiBangkit https://t.co/6hecFSjZAV","dalam acara ini menkop budi arie setiadi memaparkan rencana strategis yang akan diimplementasikan dalam lima tahun ke depan salah satunya adalah keterlibatan aktif koperasi dalam mendukung pelaksanaan program makan bergizi gratis mbg ayoberkoperasi koperasibangkit",""
"1.85664626824177E+018","Menkop: Program Uji Coba MBG di Sukabumi Libatkan Koperasi https://t.co/vu7BNU3loO #menkop #uji #coba #Mgb #sukabumi","menkop program uji coba mbg di sukabumi libatkan koperasi menkop uji coba mgb sukabumi",""
"1.85698544849069E+018","Kopontren Al-Ittifaq Bandung Jadi Role Model Pemenuhan Pasokan Bahan Baku Program MBG https://t.co/HglgWeGDQN #Kopontren #AlIttifaq #bandung","kopontren alittifaq bandung jadi role model pemenuhan pasokan bahan baku program mbg kopontren alittifaq bandung",""
"1.85632637724044E+018","Program Makan Bergizi Gratis (MBG) yang diinisiasi oleh pemerintah menuntut Indonesia memiliki stok pangan yang cukup tanpa bergantung pada impor. Dirjen Tanaman Pangan Kementerian Pertanian RI @kementan , Yudi Sastro optimistis bahwa dengan sumber daya alam dan https://t.co/vlasHCzU4I","program makan bergizi gratis mbg yang diinisiasi oleh pemerintah menuntut indonesia memiliki stok pangan yang cukup tanpa bergantung pada impor dirjen tanaman pangan kementerian pertanian ri yudi sastro optimistis bahwa dengan sumber daya alam dan",""
"1.85546062541118E+018","Didukung Anggaran Rp71 Triliun, Program MBG Pemerintah Sasar 19 Juta Orang https://t.co/vMwyxygsLB","didukung anggaran rp triliun program mbg pemerintah sasar juta orang",""
"1.85604206191042E+018","Jangan Hanya Jadi Penonton dan Penikmat, Mendes Yandri Ingin Program MBG Sejahterakan Warga Desa https://t.co/rMMDk0s3ax","jangan hanya jadi penonton dan penikmat mendes yandri ingin program mbg sejahterakan warga desa",""
"1.85591549055805E+018","Pemerintah China mendukung pendanaan Program Makan Bergizi Gratis (MBG) yang diinisiasi oleh Presiden Prabowo Subianto. Dukungan ini disampaikan saat Prabowo bertemu dengan Presiden China, Xi Jinping.
https://t.co/8VFvStTunI","pemerintah china mendukung pendanaan program makan bergizi gratis mbg yang diinisiasi oleh presiden prabowo subianto dukungan ini disampaikan saat prabowo bertemu dengan presiden china xi jinping",""
"1.85477044108236E+018","Semoga komoditas catfish semakin populer di masyarakat, semakin berjaya usahanya dan bisa berkontribusi dalam program pemerintah âMakan Bergizi Gratis"" (MBG), karena Ikan Sumber Protein untuk Kemandirian Pangan. Sampai jumpa di acara Catfish selanjutnya ya  ..ðï¸ ðï¸","semoga komoditas catfish semakin populer di masyarakat semakin berjaya usahanya dan bisa berkontribusi dalam program pemerintah makan bergizi gratis mbg karena ikan sumber protein untuk kemandirian pangan sampai jumpa di acara catfish selanjutnya ya",""
"1.85710971249776E+018","MenKop : KPBS Pangalengan Bisa Jadi Suplier Utama Program MBG Di Bandung Selatan https://t.co/vDxPELhvbG","menkop kpbs pangalengan bisa jadi suplier utama program mbg di bandung selatan",""
"1.85494245944248E+018","Menteri BUMN Erick Thohir menegaskan dukungannya terhadap program Makan Bergizi Gratis (MBG). Salah satunya melalui pembentukan Satuan Pelayanan Gizi bersama perusahaan pelat merah. PLN pastinya mendukung.

https://t.co/anD4goCxKL https://t.co/fvy7hJM0XD","menteri bumn erick thohir menegaskan dukungannya terhadap program makan bergizi gratis mbg salah satunya melalui pembentukan satuan pelayanan gizi bersama perusahaan pelat merah pln pastinya mendukung",""
"1.85336154478186E+018","Tahukah kamu, SohIB?
Berdasarkan proyeksi, program #MakanBergiziGratis akan menyumbang 0,1% terhadap PDB di th 2025, dg peningkatan ekonomi jadi 5,2%

Selain meningkatkan #Gizi anak-anak Indonesia, program #MBG juga membuka peluang kerja.

@KenekeuRI
#IndonesiaBaik #MakanGratis https://t.co/p00SwZ90We","tahukah kamu sohib berdasarkan proyeksi program makanbergizigratis akan menyumbang terhadap pdb di tahu dengan peningkatan ekonomi jadi selain meningkatkan gizi anakanak indonesia program mbg juga membuka peluang kerja indonesiabaik makangratis",""
"1.85257414087382E+018","Penjabat (Pj) Gubernur DKI Jakarta, Teguh Setyabudi meninjau langsung uji coba program Makan Bergizi Gratis (MBG) di SMA Negeri 69 dan SD Negeri 02 Pulau Pramuka, Kepulauan Seribu, Kamis (31/10/2024).   #PresidenPrabowo #PrabowoSubianto #PercepatanPembangunan #IndonesiaKuat","penjabat pj gubernur dki jakarta teguh setyabudi meninjau langsung uji coba program makan bergizi gratis mbg di sma negeri dan sd negeri pulau pramuka kepulauan seribu kamis presidenprabowo prabowosubianto percepatanpembangunan indonesiakuat",""
"1.85479792920021E+018","ð 7 Arahan Menteri BUMN untuk Sukseskan Program Makan Bergizi Gratis Presiden Prabowoð

Menteri BUMN, Erick Thohir, mendukung penuh kolaborasi antara Kementerian BUMN dan Badan Gizi Nasional melalui Program Makan Bergizi Gratis (MBG). https://t.co/1rKPy8y09J","arahan menteri bumn untuk sukseskan program makan bergizi gratis presiden prabowo menteri bumn erick thohir mendukung penuh kolaborasi antara kementerian bumn dan badan gizi nasional melalui program makan bergizi gratis mbg",""
"1.85664476237758E+018","Menkop: Libatkan Koperasi, Program Uji Coba MBG Di Sukabumi Jadi Percontohan https://t.co/yjRX4ZSVen #BudiArieSetiadi #Koperasi #menkop #MenteriKoperasi #percontohan #ProgramUjiCobaMBG #sukabumi","menkop libatkan koperasi program uji coba mbg di sukabumi jadi percontohan budiariesetiadi koperasi menkop menterikoperasi percontohan programujicobambg sukabumi",""
"1.85553506255861E+018","Prioritaskan Susu Lokal, Program MBG Diharapkan Tak Bergantung pada Impor https://t.co/RhqtGOkzWR #susu #lokal #mbg #impor","prioritaskan susu lokal program mbg diharapkan tak bergantung pada impor susu lokal mbak impor",""
"1.8526326136952E+018","Teguh Setyabudi meninjau langsung uji coba program Makan Bergizi Gratis (MBG) di SMA Negeri 69 dan SD Negeri 02 Pulau Pramuka, Kepulauan Seribu, Kamis (31/10/2024). 
#PresidenPrabowo #PrabowoSubianto #PercepatanPembangunan
#IndonesiaKuat
#IndonesiaMaju https://t.co/WqtXT8onPq","teguh setyabudi meninjau langsung uji coba program makan bergizi gratis mbg di sma negeri dan sd negeri pulau pramuka kepulauan seribu kamis presidenprabowo prabowosubianto percepatanpembangunan indonesiakuat indonesiamaju",""
"1.85708129818919E+018","Menkop Budi Arie: Hasil Pertanian Kopontren di Ciwidey Bandung Bisa Dukung Program MBG https://t.co/7nknD10euo","menkop budi arie hasil pertanian kopontren di ciwidey bandung bisa dukung program mbg",""
"1.85710207940966E+018","Menkop: Libatkan Koperasi, Program Uji Coba MBG Di Sukabumi Jadi Percontohan https://t.co/7wM07kaG12","menkop libatkan koperasi program uji coba mbg di sukabumi jadi percontohan",""
"1.85667629048677E+018","Program Makan Bergizi Gratis (MBG) Presiden Prabowo Subianto Mendapat Perhatian Wapres Gibran Rakabuming https://t.co/Lt1aB6k5g2","program makan bergizi gratis mbg presiden prabowo subianto mendapat perhatian wapres gibran rakabuming",""
"1.85260997073249E+018","Penjabat Gubernur DKI Jakarta, Teguh Setyabudi, meninjau program Makan Bergizi Gratis (MBG) di SMA Negeri 69 dan SD Negeri 02 Pulau Pramuka.
#PresidenPrabowo #PrabowoSubianto #PercepatanPembangunan
#IndonesiaKuat
#IndonesiaMaju https://t.co/OQLzw2m1pw","penjabat gubernur dki jakarta teguh setyabudi meninjau program makan bergizi gratis mbg di sma negeri dan sd negeri pulau pramuka presidenprabowo prabowosubianto percepatanpembangunan indonesiakuat indonesiamaju",""
"1.85710756861275E+018","Kopontren Al-Ittifaq Bandung Jadi Role Model Pemenuhan Pasokan Bahan Baku Program MBG https://t.co/5OI2wRdaFx","kopontren alittifaq bandung jadi role model pemenuhan pasokan bahan baku program mbg",""
"1.85340935816135E+018","Tertunda, Program MBG di Bulungan Akan Dijadwal Ulang #BNetwork 
https://t.co/6LnpTBo3Nt","tertunda program mbg di bulungan akan dijadwal ulang bnetwork",""
"1.85259406804977E+018","Penjabat (Pj) Gubernur DKI Jakarta, Teguh Setyabudi meninjau langsung uji coba program Makan Bergizi Gratis (MBG) di SMA Negeri 69 dan SD Negeri 02 Pulau Pramuka, Kepulauan Seribu, Kamis (31/10/2024).
#PresidenPrabowo #PrabowoSubianto #PercepatanPembangunan
#IndonesiaKuat https://t.co/CzYJIl829d","penjabat pj gubernur dki jakarta teguh setyabudi meninjau langsung uji coba program makan bergizi gratis mbg di sma negeri dan sd negeri pulau pramuka kepulauan seribu kamis presidenprabowo prabowosubianto percepatanpembangunan indonesiakuat",""
"1.85595934355828E+018","Senin(11/11), Yusuf W Luhkan Kab Tegal,mdampingi ketua Koperasi Dermasandi Maju Bersama mmenuhi permintaan data KemenkopUKM utk Program unggulan MBG(MakanBergiziGratis) sbg upaya pmenuhan gizi,mencegah stunting, pngentasan kmskn ekstrim @brpbatpp_bogor #giatluhkansatminkalbogor https://t.co/pTspperRts","senin yusuf w luhkan kab tegalmdampingi ketua koperasi dermasandi maju bersama mmenuhi permintaan data kemenkopukm untuk program unggulan mbgmakanbergizigratis sebagai upaya pmenuhan gizimencegah stunting pngentasan kmskn ekstrim giatluhkansatminkalbogor",""
"1.85258453923254E+018","Teguh Setyabudi meninjau langsung uji coba program Makan Bergizi Gratis (MBG) di SMA Negeri 69 dan SD Negeri 02 Pulau Pramuka, Kepulauan Seribu, Kamis (31/10/2024). 
#PresidenPrabowo #PrabowoSubianto #PercepatanPembangunan
#IndonesiaKuat
#IndonesiaMaju https://t.co/04AxhUwiEK","teguh setyabudi meninjau langsung uji coba program makan bergizi gratis mbg di sma negeri dan sd negeri pulau pramuka kepulauan seribu kamis presidenprabowo prabowosubianto percepatanpembangunan indonesiakuat indonesiamaju",""
"1.85486330009982E+018","Menteri BUMN Erick Thohir menegaskan dukungannya terhadap program Makan Bergizi Gratis (MBG). Informasi, dalam pertemuan tersebut dihadiri sejumlah direksi yakni PLN, Pertamina, PGN, BRI, BNI, Mandiri, ID Survey, dan Telkomsel

https://t.co/cW1XrMmZuM https://t.co/e7JCcaj8iv","menteri bumn erick thohir menegaskan dukungannya terhadap program makan bergizi gratis mbg informasi dalam pertemuan tersebut dihadiri sejumlah direksi yakni pln pertamina pgn bri bni mandiri id survey dan telkomsel",""
"1.85259820378454E+018","Teguh Setyabudi meninjau langsung uji coba program Makan Bergizi Gratis (MBG) di SMA Negeri 69 dan SD Negeri 02 Pulau Pramuka, Kepulauan Seribu, Kamis (31/10/2024). 
#PresidenPrabowo #PrabowoSubianto #PercepatanPembangunan
#IndonesiaKuat
#IndonesiaMaju https://t.co/DjL18SYJlE","teguh setyabudi meninjau langsung uji coba program makan bergizi gratis mbg di sma negeri dan sd negeri pulau pramuka kepulauan seribu kamis presidenprabowo prabowosubianto percepatanpembangunan indonesiakuat indonesiamaju",""
"1.85259316279319E+018","Program Makan Bergizi Gratis (MBG) di SMA dan SD Kepulauan Seribu memberikan asupan sehat bagi pelajar. Pj Gubernur DKI Teguh Setyabudi turun langsung memastikan kesuksesannya! #PresidenPrabowo #IndonesiaMaju https://t.co/BSg311JAnO","program makan bergizi gratis mbg di sma dan sd kepulauan seribu memberikan asupan sehat bagi pelajar pj gubernur dki teguh setyabudi turun langsung memastikan kesuksesannya presidenprabowo indonesiamaju",""
"1.85384197813353E+018","mendapatkan nutrisi yang memadai. Untuk itu setiap Lembaga dan Kementerian terkait sudah mempersiapkan diri dan siap disinergikan di bawah komando Presiden, agar program MBG berjalan dengan Baik.","mendapatkan nutrisi yang memadai untuk itu setiap lembaga dan kementerian terkait sudah mempersiapkan diri dan siap disinergikan di bawah komando presiden agar program mbg berjalan dengan baik",""
"1.85441708974823E+018","https://t.co/StFhRYvKGR -Â Tiga Skema Penyaluran Program Makan Bergizi Gratis (MBG) di Indonesia. Pemerintah Indonesia telah mengalokasikan dana sebesar Rp71 triliun untuk mendukung program Makan Bergizi Gratis  

https://t.co/KuDlxyYmqe","tiga skema penyaluran program makan bergizi gratis mbg di indonesia pemerintah indonesia telah mengalokasikan dana sebesar rp triliun untuk mendukung program makan bergizi gratis",""
"1.85556789334758E+018","Barisan Relawan Nusantara Raya (BRNR) Sumbawa Barat Turut Deklarasikan Dukungan untuk Program Makan Bergizi Gratis (MBG) https://t.co/IoiWbtK95X","barisan relawan nusantara raya brnr sumbawa barat turut deklarasikan dukungan untuk program makan bergizi gratis mbg",""
"1.85258986986581E+018","Penjabat (Pj) Gubernur DKI Jakarta, Teguh Setyabudi meninjau langsung uji coba program Makan Bergizi Gratis (MBG) di SMA Negeri 69 dan SD Negeri 02 Pulau Pramuka, Kepulauan Seribu, Kamis (31/10/2024). 
#PresidenPrabowo #PrabowoSubianto #PercepatanPembangunan
#IndonesiaKuat https://t.co/nlLINmLjhl","penjabat pj gubernur dki jakarta teguh setyabudi meninjau langsung uji coba program makan bergizi gratis mbg di sma negeri dan sd negeri pulau pramuka kepulauan seribu kamis presidenprabowo prabowosubianto percepatanpembangunan indonesiakuat",""
"1.85594282208997E+018","Program unggulan Presiden Prabowo Subianto yakni Makan Bergizi Gratis (MBG) bakal dilaksanakan mulai 2 Januari 2025. MBG salah satu program unggulan Presiden Prabowo yang berdampak pada peningkatan konsentrasi belajar dan kesehatan anak-anak.
#PresidenPrabowo
#MakanBergiziGratis https://t.co/FNbvMZjPOM","program unggulan presiden prabowo subianto yakni makan bergizi gratis mbg bakal dilaksanakan mulai januari mbg salah satu program unggulan presiden prabowo yang berdampak pada peningkatan konsentrasi belajar dan kesehatan anakanak presidenprabowo makanbergizigratis",""
"1.85579785288859E+018","ð 7 Arahan Menteri BUMN untuk Sukseskan Program Makan Bergizi Gratis Presiden Prabowo ð

Menteri BUMN, Erick Thohir, mendukung penuh kolaborasi antara Kementerian BUMN dan Badan Gizi Nasional melalui Program Makan Bergizi Gratis (MBG). https://t.co/dwfeozT0gU","arahan menteri bumn untuk sukseskan program makan bergizi gratis presiden prabowo menteri bumn erick thohir mendukung penuh kolaborasi antara kementerian bumn dan badan gizi nasional melalui program makan bergizi gratis mbg",""
"1.85601032823836E+018","Program MBG (makan bergizi gratis)","program mbg makan bergizi gratis",""
"1.85581046532843E+018","@Boediantar4 @prabowo Sebaiknya @prabowo tidak mengandalkan 1 sumber pendanaan tambahan untuk program MBG. Cari beberapa sumber supaya aman.
cc: @Gerindra","sebaiknya tidak mengandalkan sumber pendanaan tambahan untuk program mbg cari beberapa sumber supaya aman cc",""
"1.85260717564806E+018","(Pj) Gubernur DKI Jakarta, Teguh Setyabudi meninjau langsung uji coba program Makan Bergizi Gratis (MBG) di SMA Negeri 69 dan SD Negeri 02 Pulau Pramuka, Kepulauan Seribu, Kamis (31/10/2024)
#PresidenPrabowo #PrabowoSubianto #PercepatanPembangunan
#IndonesiaKuat
#IndonesiaMaju https://t.co/cdFc27TaHI","pj gubernur dki jakarta teguh setyabudi meninjau langsung uji coba program makan bergizi gratis mbg di sma negeri dan sd negeri pulau pramuka kepulauan seribu kamis presidenprabowo prabowosubianto percepatanpembangunan indonesiakuat indonesiamaju",""
"1.85590212918293E+018","Polri Dukung Penuh Program Swasembada Pangan dan MBG
https://t.co/sDG9cUucII","polri dukung penuh program swasembada pangan dan mbg",""
"1.85257412818605E+018","Penjabat (Pj) Gubernur DKI Jakarta, Teguh Setyabudi meninjau langsung uji coba program Makan Bergizi Gratis (MBG) di SMA Negeri 69 dan SD Negeri 02 Pulau Pramuka, Kepulauan Seribu, Kamis (31/10/2024).   #PresidenPrabowo #PrabowoSubianto #PercepatanPembangunan #IndonesiaKuat","penjabat pj gubernur dki jakarta teguh setyabudi meninjau langsung uji coba program makan bergizi gratis mbg di sma negeri dan sd negeri pulau pramuka kepulauan seribu kamis presidenprabowo prabowosubianto percepatanpembangunan indonesiakuat",""
"1.85415665982574E+018","Hungaria siap mendukung program-program prioritas pemerintahan Presiden Prabowo Subianto, termasuk Makan Bergizi Gratis (MBG). https://t.co/nZUtU4Rb0A","hungaria siap mendukung programprogram prioritas pemerintahan presiden prabowo subianto termasuk makan bergizi gratis mbg",""
"1.85343065531897E+018","Pemprov Sulbar Uji Coba Program Makan Bergizi Gratis Untuk Anak Sekolah #sulbar #makanbergizigratis #mbg https://t.co/ce0Rfb3WIZ","pemprov sulbar uji coba program makan bergizi gratis untuk anak sekolah sulbar makanbergizigratis mbak",""
"1.85554297243742E+018","DPR Berharap Program MBG Tak Untungkan Peternak Asing
https://t.co/Sa6MW3lzVc","dpr berharap program mbg tak untungkan peternak asing",""
"1.85554301253502E+018","Jangan Sampai Program MBG Jadi Ajang Rente Impor Susu
https://t.co/sYGwaDIMyb","jangan sampai program mbg jadi ajang rente impor susu",""
"1.85384197548273E+018","Program Makan Bergizi Gratis (MBG) menjadi prioritas utama dari Pemerintahan Prabowo-Gibran. Wakil Menteri Sosial RI @KemensosRI , Agus Jabo Priyono menyampaikan bahwa program MBG harus segera diwujudkan agar ibu hamil, ibu menyusui, dan anak sekolah https://t.co/io50QQXEJz","program makan bergizi gratis mbg menjadi prioritas utama dari pemerintahan prabowogibran wakil menteri sosial ri agus jabo priyono menyampaikan bahwa program mbg harus segera diwujudkan agar ibu hamil ibu menyusui dan anak sekolah",""
"1.85261576690407E+018","Program MBG sebagai bentuk komitmen dari Pemprov DKI Jakarta dalam mendukung salah satu program strategis milik pemerintah pusat. Program tersebut disambut dengan antusias dari para pelajar.

#PresidenPrabowo #PrabowoSubianto #PercepatanPembangunan
#IndonesiaKuat
#IndonesiaMaju https://t.co/pGZOBy4hAg","program mbg sebagai bentuk komitmen dari pemprov dki jakarta dalam mendukung salah satu program strategis milik pemerintah pusat program tersebut disambut dengan antusias dari para pelajar presidenprabowo prabowosubianto percepatanpembangunan indonesiakuat indonesiamaju",""
"1.85612880781369E+018","https://t.co/JHyTZdT51o â Program Makan Bergizi Gratis (MBG) adalah inisiatif yang digagas oleh Presiden RI Prabowo Subianto dan Wakil Presiden Gibran Rakabuming Raka. Program ini bertujuan untuk menyediakan makanan bergizi secara gratis...

Selengkapnya: https://t.co/mMUugsdCCi https://t.co/1PfAzwZcUu","program makan bergizi gratis mbg adalah inisiatif yang digagas oleh presiden ri prabowo subianto dan wakil presiden gibran rakabuming raka program ini bertujuan untuk menyediakan makanan bergizi secara gratis selengkapnya",""
"1.85366353486304E+018","Berlaku mulai 2 Januari 2025, ini jadwal lengkap hingga aturan pembagian program Makan Bergizi Gratis (MBG) untuk anak PAUD hingga SMA. https://t.co/OmYMKfhlcr","berlaku mulai januari ini jadwal lengkap hingga aturan pembagian program makan bergizi gratis mbg untuk anak paud hingga sma",""
"1.85261549773015E+018","Pj Gubernur DKI Jakarta, Teguh Setyabudi meninjau langsung uji coba program Makan Bergizi Gratis (MBG) di SMA Negeri 69 dan SD Negeri 02 Pulau Pramuka, Kepulauan Seribu, Kamis (31/10/2024).

#PresidenPrabowo #PrabowoSubianto #PercepatanPembangunan
#IndonesiaKuat
#IndonesiaMaju https://t.co/a2aNplFeIb","pj gubernur dki jakarta teguh setyabudi meninjau langsung uji coba program makan bergizi gratis mbg di sma negeri dan sd negeri pulau pramuka kepulauan seribu kamis presidenprabowo prabowosubianto percepatanpembangunan indonesiakuat indonesiamaju",""
"1.85447934045891E+018","Indonesia tengah mempersiapkan generasi unggul menyongsong 2045 melalui program Makan Bergizi Gratis (MBG) yang dicanangkan Pemerintahan Prabowo-Gibran. Program ini dirancang sebagai investasi strategis untuk memastikan anak-anak mendapatkan asupan gizi optimal. https://t.co/BYabbiaTl8","indonesia tengah mempersiapkan generasi unggul menyongsong melalui program makan bergizi gratis mbg yang dicanangkan pemerintahan prabowogibran program ini dirancang sebagai investasi strategis untuk memastikan anakanak mendapatkan asupan gizi optimal",""
"1.85413155456777E+018","Program Makan Bergizi Gratis (MBG) yang merupakan program prioritas pemerintahan Prabowo-Gibran akan dijalankan mulai 2 Januari 2025. Untuk tahun depan, anggaran yang disediakan Rp71 triliun. https://t.co/wPRdbs2qlt","program makan bergizi gratis mbg yang merupakan program prioritas pemerintahan prabowogibran akan dijalankan mulai januari untuk tahun depan anggaran yang disediakan rp triliun",""
"1.85222983185902E+018","âMelihat program MBG dengan lingkup yang cukup luas dari Sabang sampai Merauke dan jumlah kebutuhan pangan hingga sarana dan prasarana untuk menjalankan program ini sangat besar, tentu dapat memberikan multiplier effect bagi ekonomi lokal,â papar Iwan.","melihat program mbg dengan lingkup yang cukup luas dari sabang sampai merauke dan jumlah kebutuhan pangan hingga sarana dan prasarana untuk menjalankan program ini sangat besar tentu dapat memberikan multiplier effect bagi ekonomi lokal papar iwan",""
"1.85222982115541E+018","Program MBG tidak hanya bertujuan untuk memastikan setiap anak dapat mendapatkan akses ke makanan sehat, tetapi juga diharapkan dapat memberikan dampak positif bagi perekonomian lokal.","program mbg tidak hanya bertujuan untuk memastikan setiap anak dapat mendapatkan akses ke makanan sehat tetapi juga diharapkan dapat memberikan dampak positif bagi perekonomian lokal",""
"1.8566368173295E+018","Program Makan Bergizi Gratis (MBG) jadi bagian dari strategi pemerintah dalam menangani masalah gizi, terutama di daerah rawan pangan seperti Papua. Direktur Kewaspadaan @BadanPangan (Bapanas) Nita Yulianis mengatakan, https://t.co/6Uaxf3txx0","program makan bergizi gratis mbg jadi bagian dari strategi pemerintah dalam menangani masalah gizi terutama di daerah rawan pangan seperti papua direktur kewaspadaan bapanas nita yulianis mengatakan",""
"1.85403178477173E+018","Program Pembiasaan MBG di SMPN 8 Tangerang Sasar 955 Siswa https://t.co/Qj3nFqPNIc via @Indopolitika","program pembiasaan mbg di smpn tangerang sasar siswa via",""
"1.85300697264553E+018","Ayo itah mendukung program MBG akan generasi tabela https://t.co/wKY4M4VJ1j","ayo itah mendukung program mbg akan generasi tabela",""
"1.85259088041211E+018","Dukung gizi pelajar untuk masa depan Indonesia! Antusiasme pelajar Kepulauan Seribu jadi bukti pentingnya program MBG. #PresidenPrabowo #PrabowoSubianto #PercepatanPembangunan #IndonesiaKuat #IndonesiaMaju https://t.co/dGJL5KfnNa","dukung gizi pelajar untuk masa depan indonesia antusiasme pelajar kepulauan seribu jadi bukti pentingnya program mbg presidenprabowo prabowosubianto percepatanpembangunan indonesiakuat indonesiamaju",""
"1.8540485707539E+018","Presiden Prabowo Subianto tengah menguji coba salah satu program andalannya, yaitu Makan Bergizi Gratis (MBG) di sejumlah wilayah.

Di Jakarta, uji coba MBG ini berlangsung di 12 sekolah yang turut didampingi Penjabat (Pj.) Gubernur Teguh Setyabudi.Â 

#SmartNews https://t.co/J7TtXQq8M8","presiden prabowo subianto tengah menguji coba salah satu program andalannya yaitu makan bergizi gratis mbg di sejumlah wilayah di jakarta uji coba mbg ini berlangsung di sekolah yang turut didampingi penjabat pj gubernur teguh setyabudi smartnews",""
"1.85696217756514E+018","Wargi Kabupaten Bandungâ¦

Pjs Bupati Bandung menerima kunjungan Menteri Koperasi Republik Indonesia Budi Arie Setiadi di Kecamatan Rancabali, untuk meninjau langsung persiapan pelaksanaan Program Makan Bergizi Gratis (MBG). https://t.co/LrKYLTyzcb","wargi kabupaten bandung pjs bupati bandung menerima kunjungan menteri koperasi republik indonesia budi arie setiadi di kecamatan rancabali untuk meninjau langsung persiapan pelaksanaan program makan bergizi gratis mbg",""
"1.85259357277383E+018","Pj Gubernur DKI Teguh Setyabudi kunjungi Pulau Pramuka demi memastikan manfaat program MBG dirasakan langsung oleh pelajar. Langkah positif Pemprov DKI! #PercepatanPembangunan #IndonesiaKuat #IndonesiaMaju https://t.co/CPVo9ilQHy","pj gubernur dki teguh setyabudi kunjungi pulau pramuka demi memastikan manfaat program mbg dirasakan langsung oleh pelajar langkah positif pemprov dki percepatanpembangunan indonesiakuat indonesiamaju",""
"1.85663501648418E+018","Pemerintah Provinsi Banten telah menyiapkan anggaran hingga ratusan miliar rupiah untuk program Makan Bergizi Gratis atau MBG. Program tersebut bakal dibebankan kepada APBD masing-masing daerah.

#IDNTimesBanten 

https://t.co/q3e32oQ5vS https://t.co/J3aLowlewp","pemerintah provinsi banten telah menyiapkan anggaran hingga ratusan miliar rupiah untuk program makan bergizi gratis atau mbg program tersebut bakal dibebankan kepada apbd masingmasing daerah idntimesbanten",""
"1.85220391496517E+018","Program Makan Bergizi Gratis (MBG) diprediksi tidak akan menambah tumpukan sampah berkat solusi pengelolaan yang telah dirancang. 

#ProgramMBG #KelolaSampah #PeduliLingkungan #SampahJadiPupuk #BonusDemografi #IndonesiaEmas2045 #MewarnaiIndonesia https://t.co/lh6yT3RxZ5","program makan bergizi gratis mbg diprediksi tidak akan menambah tumpukan sampah berkat solusi pengelolaan yang telah dirancang programmbg kelolasampah pedulilingkungan sampahjadipupuk bonusdemografi indonesiaemas mewarnaiindonesia",""
"1.85691206504858E+018","Menteri Koperasi Budi Arie Setiadi mengatakan bahwa uji coba program makan bergizi gratis (MBG) di Kabupaten Sukabumi menjadi model yang patut ditiru, 
https://t.co/JTrOnPgx5a https://t.co/fP7PE5NII8","menteri koperasi budi arie setiadi mengatakan bahwa uji coba program makan bergizi gratis mbg di kabupaten sukabumi menjadi model yang patut ditiru",""
"1.85329272756545E+018","Ayo itah mendukung program MBG akan generasi tabela https://t.co/5tw020uNQ0","ayo itah mendukung program mbg akan generasi tabela",""
"1.85480013712377E+018","Institute for Development of Economics and Finance (INDEF) menghitung efek pengganda (multiplier effect) program Makan Bergizi Gratis (MBG). Riset ini menggunakan uji coba program MBG yang telah berlangsung sejak Mei 2024.

#presidenprabowo #prabowosubianto #programprioritas https://t.co/8plYUqJQ5l","institute for development of economics and finance indef menghitung efek pengganda multiplier effect program makan bergizi gratis mbg riset ini menggunakan uji coba program mbg yang telah berlangsung sejak mei presidenprabowo prabowosubianto programprioritas",""
"1.85622364421061E+018","Pj Bupati Lebak Mengaku Siap Alokasikan Dana Makan Bergizi Gratis https://t.co/AitOfIQeDL #GunawanRusminto #MBG","pj bupati lebak mengaku siap alokasikan dana makan bergizi gratis gunawanrusminto mbg",""
"1.85300716459359E+018","Mari dukung Makan Bergizi Gratis #MBG #Gibran #WapresRI #Palangkaraya #Kalteng https://t.co/7VgwwHOWeg","mari dukung makan bergizi gratis mbg gibran wapresri palangkaraya kalteng",""
"1.85588993499922E+018","Dinkes Tarakan Ajukan Anggaran pada Kemenkes, Dukung Program Makan Bergizi Gratis
 
#ProgramMakanBergiziGratis #MBG #Tarakan #KalimantanUtara #Kaltara #DinkesTarakan #Kemenkes #Anggaran 

https://t.co/W5W6pF5WHv via @tribunnews","dinkes tarakan ajukan anggaran pada kemenkes dukung program makan bergizi gratis programmakanbergizigratis mbg tarakan kalimantanutara kaltara dinkestarakan kemenkes anggaran via",""
"1.8547219515559E+018","DPRD Kota Tangerang apresiasi keberhasilan uji coba program MBG!

Langkah strategis dalam menciptakan Generasi Emas 2045 sekaligus berdayakan UMKM dan perekonomian lokal. #Tangerang #MBG #Banten #UMKM #TangerangSehat #update #news #seketika
https://t.co/Vc5b4e2RR7","dprd kota tangerang apresiasi keberhasilan uji coba program mbg langkah strategis dalam menciptakan generasi emas sekaligus berdayakan umkm dan perekonomian lokal tangerang mbg banten umkm tangerangsehat update news seketika",""
"1.85579785670541E+018","Sebagai tindak lanjut, Menteri Erick mengarahkan 8 BUMN untuk mendukung visi Presiden Prabowo dalam mewujudkan generasi unggul yang sehat dan berdaya saing. ð¤â¨

#BUMNuntukIndonesia #MakanBergiziGratis #IndonesiaSehat #PLN #PLNUntukIndonesia #AcceleratingRenewableEnergy","sebagai tindak lanjut menteri erick mengarahkan bumn untuk mendukung visi presiden prabowo dalam mewujudkan generasi unggul yang sehat dan berdaya saing bumnuntukindonesia makanbergizigratis indonesiasehat pln plnuntukindonesia acceleratingrenewableenergy",""
"1.85510277427677E+018","Susu Peternak Lokal di tolak oleh Industri Pengolahan Susu

Alasan IPS alat pengolahannya Rusak, Peternak menduga ini ulah Susu Import.

Pemerintah seharusnya membela dan memberdayakan PETERNAK LOKAL!!

#MakanBergiziGratis 

@pemkab_boyolali @Kemenperin_RI @prabowo","susu peternak lokal di tolak oleh industri pengolahan susu alasan ips alat pengolahannya rusak peternak menduga ini ulah susu import pemerintah seharusnya membela dan memberdayakan peternak lokal makanbergizigratis",""
"1.85584399903225E+018","Sebagai tindak lanjut, Menteri Erick mengarahkan 8 BUMN untuk mendukung visi Presiden Prabowo dalam mewujudkan generasi unggul yang sehat dan berdaya saing. ð¤â¨

#BUMNuntukIndonesia #MakanBergiziGratis #IndonesiaSehat #PLN #PLNUntukIndonesia #AcceleratingRenewableEnergy","sebagai tindak lanjut menteri erick mengarahkan bumn untuk mendukung visi presiden prabowo dalam mewujudkan generasi unggul yang sehat dan berdaya saing bumnuntukindonesia makanbergizigratis indonesiasehat pln plnuntukindonesia acceleratingrenewableenergy",""
"1.85556397059551E+018","Dengan Program Makan Bergizi Gratis, kita membangun generasi yang sehat, cerdas, dan siap bersaing di masa depan! Nutrisi yang tepat sejak dini adalah investasi untuk Indonesia Emas 2045.

#MakanBergiziGratis #GenerasiSehat #IndonesiaEmas2045 #NutrisiUntukPrestasi https://t.co/Ygx2cenlbM","dengan program makan bergizi gratis kita membangun generasi yang sehat cerdas dan siap bersaing di masa depan nutrisi yang tepat sejak dini adalah investasi untuk indonesia emas makanbergizigratis generasisehat indonesiaemas nutrisiuntukprestasi",""
"1.85521504368168E+018","Atau kalo ga mau keluar biaya peralatan makan masing2 anak diminta bawa peralatan makan. Sistem prasmanan ini anak2 juga cukup diminta ambil sesuai porsi makan yg cukup tdk terbuang/mubazir.

#makanbergizigratis","atau kalo enggak mau keluar biaya peralatan makan masing anak diminta bawa peralatan makan sistem prasmanan ini anak juga cukup diminta ambil sesuai porsi makan yang cukup tidak terbuangmubazir makanbergizigratis",""
"1.85618553390044E+018","Anggaran Makan Bergizi Gratis di Kabupaten Bogor Rp15 Miliar per Hari, UKM-Koperasi Harus Terlibat - https://t.co/CFiLeA3JLv #makanbergizigratis #bogor #pemkabbogor #bogorkita #prabowo","anggaran makan bergizi gratis di kabupaten bogor rp miliar per hari ukmkoperasi harus terlibat makanbergizigratis bogor pemkabbogor bogorkita prabowo",""
"1.85519397299961E+018","âProgram makan bergizi gratis tak hanya menyehatkan generasi penerus, tapi juga mendorong pertumbuhan ekonomi masyarakat. Sehat bersama, sejahtera bersama!â #makanbergizi #makanbergizigratis #cegahstunting #stunting https://t.co/9U6btSoEMB","program makan bergizi gratis tak hanya menyehatkan generasi penerus tapi juga mendorong pertumbuhan ekonomi masyarakat sehat bersama sejahtera bersama makanbergizi makanbergizigratis cegahstunting stunting",""
"1.85584898867691E+018","Sebagai tindak lanjut, Menteri Erick mengarahkan 8 BUMN untuk mendukung visi Presiden Prabowo dalam mewujudkan generasi unggul yang sehat dan berdaya saing. ð¤â¨

#BUMNuntukIndonesia #MakanBergiziGratis #IndonesiaSehat #PLN #PLNUntukIndonesia #AcceleratingRenewableEnergy","sebagai tindak lanjut menteri erick mengarahkan bumn untuk mendukung visi presiden prabowo dalam mewujudkan generasi unggul yang sehat dan berdaya saing bumnuntukindonesia makanbergizigratis indonesiasehat pln plnuntukindonesia acceleratingrenewableenergy",""
"1.85223725525727E+018","Program Makan Bergizi Gratis di Kabupaten Bogor Jadi Rujukan Nasional - https://t.co/Cme4ZXJYSp #makanbergizigratis #prabowo #gibran","program makan bergizi gratis di kabupaten bogor jadi rujukan nasional makanbergizigratis prabowo gibran",""
"1.85305295039195E+018","Melalui program makan bergizi gratis dapat meningkatkan pertumbuhan ekonomi Indonesia.

#MakanBergiziGratis 
#CegahStunting 
#IndonesiaEmas 
#IndonesiaMaju https://t.co/d1IxzAltfF","melalui program makan bergizi gratis dapat meningkatkan pertumbuhan ekonomi indonesia makanbergizigratis cegahstunting indonesiaemas indonesiamaju",""
"1.85233474438376E+018","Opini - Siapa yang udah gak sabar pengen cepet cepet program Makan Bergizi Gratis Prabowo-Gibran segera terwujud?? Kita doakan bersama yaa agar program ini bisa bawa manfaat untuk Indonesia

#PrabowoMerakyat #PrabowoGibran #makanbergizigratis #generasimudaindonesia #makangratis https://t.co/pZZwPkN3rg","opini siapa yang sudah enggak sabar pengin cepat cepat program makan bergizi gratis prabowogibran segera terwujud kita doakan bersama ya agar program ini bisa bawa manfaat untuk indonesia prabowomerakyat prabowogibran makanbergizigratis generasimudaindonesia makangratis",""
"1.85479793919104E+018","Sebagai tindak lanjut, Menteri Erick mengarahkan 8 BUMN untuk mendukung visi Presiden Prabowo dalam mewujudkan generasi unggul yang sehat dan berdaya saing. ð¤â¨

#BUMNuntukIndonesia #MakanBergiziGratis #IndonesiaSehat","sebagai tindak lanjut menteri erick mengarahkan bumn untuk mendukung visi presiden prabowo dalam mewujudkan generasi unggul yang sehat dan berdaya saing bumnuntukindonesia makanbergizigratis indonesiasehat",""
"1.85435349136569E+018","85 satuan pelayanan dibangun demi Indonesia yang lebih sehat dan bergizi. #MakanBergiziGratis https://t.co/UXhd5EHQ8W","satuan pelayanan dibangun demi indonesia yang lebih sehat dan bergizi makanbergizigratis",""
"1.8530529217952E+018","Melalui program makan bergizi gratis dapat meningkatkan pertumbuhan ekonomi Indonesia.

#MakanBergiziGratis 
#CegahStunting 
#IndonesiaEmas 
#IndonesiaMaju https://t.co/sCv6lTiCOD","melalui program makan bergizi gratis dapat meningkatkan pertumbuhan ekonomi indonesia makanbergizigratis cegahstunting indonesiaemas indonesiamaju",""
"1.85588550881743E+018","ð7 Arahan Menteri BUMN untuk Sukseskan Program Makan Bergizi Gratis Presiden Prabowoð

#BUMNuntukIndonesia #MakanBergiziGratis #IndonesiaSehat #PLN #PLNUntukIndonesia #AcceleratingRenewableEnergy https://t.co/8YescWTmY3","arahan menteri bumn untuk sukseskan program makan bergizi gratis presiden prabowo bumnuntukindonesia makanbergizigratis indonesiasehat pln plnuntukindonesia acceleratingrenewableenergy",""
"1.85611491978108E+018","Makan Bergizi Gratis untuk Generasi Muda Indonesia yang Cemerlang 

#PrabowoGibran #makanbergizigratis #gizianakindonesia #makanbergiziuntukmasadepan https://t.co/xWq6kdRfZt","makan bergizi gratis untuk generasi muda indonesia yang cemerlang prabowogibran makanbergizigratis gizianakindonesia makanbergiziuntukmasadepan",""
"1.85234740724749E+018","Program Makan Bergizi Gratis menjadi salah satu langkah nyata pemerintah untuk memastikan generasi penerus bangsa, terutama anak-anak dan remaja, agar dapat tumbuh menjadi individu yang sehat dan berkualitas.

#FMB9
#MakanBergiziGratis
#AnakIndonesiaSehatdanMandiri https://t.co/IPRSGfbDUY","program makan bergizi gratis menjadi salah satu langkah nyata pemerintah untuk memastikan generasi penerus bangsa terutama anakanak dan remaja agar dapat tumbuh menjadi individu yang sehat dan berkualitas fmb makanbergizigratis anakindonesiasehatdanmandiri",""
"1.85435412934026E+018","Memperkuat gizi rakyat, Badan Gizi Nasional realisasikan 85 satuan pelayanan. #MakanBergiziGratis https://t.co/3461rQIFHD","memperkuat gizi rakyat badan gizi nasional realisasikan satuan pelayanan makanbergizigratis",""
"1.85595288599935E+018","Polri Siapkan Program untuk Mendukung Swasembada Pangan dan Makan Bergizi Gratis 
@ListyoSigitP

https://t.co/LifWcOw3G8 
#kapolri #jendrallistyosigit #makanbergizigratis https://t.co/OXiAo2wIB8","polri siapkan program untuk mendukung swasembada pangan dan makan bergizi gratis kapolri jendrallistyosigit makanbergizigratis",""
"1.85255924059199E+018","Bagaimana pelaksanaan program makan bergizi gratis bisa berkelanjutan dan tepat sasaran?

Simak penjelasan lengkapnya secara LIVE di  Youtube FMB9ID_IKP
ð: Senin, 4 November 2024
â°: 13.30 WIB â Selesai

#FMB9
#MAKANBERGIZIGRATIS","bagaimana pelaksanaan program makan bergizi gratis bisa berkelanjutan dan tepat sasaran simak penjelasan lengkapnya secara live di youtube fmbidikp senin november wib selesai fmb makanbergizigratis",""
"1.85600728743085E+018","Pemerintah China Dukung Program Makan Bergizi Gratis Prabowo
#Prabowo #MakanBergiziGratis #prabowosubianto #Indonesia https://t.co/OsVeLuCjUB","pemerintah china dukung program makan bergizi gratis prabowo prabowo makanbergizigratis prabowosubianto indonesia",""
"1.8538419804152E+018","Simak Perjalanan Lengkapnya dalam Forum Merdeka Barat 9 (FMB9) dengan tema ""Makan Bergizi Gratis: Dari Sini Kita Mulai!"" hanya di channel Youtube FMB9ID_IKP atau klik yang ada di bio.

#FMB9
#MAKANBERGIZIGRATIS","simak perjalanan lengkapnya dalam forum merdeka barat fmb dengan tema makan bergizi gratis dari sini kita mulai hanya di channel youtube fmbidikp atau klik yang ada di bio fmb makanbergizigratis",""
"1.8563043959795E+018","Program Makan Bergizi Gratis: langkah penting untuk generasi sehat dan kuat!
#IndonesiaEmas #PresidenPrabowo #MakanBergiziGratis #bergizigratis #cegahstunting https://t.co/TlDiITh2Mr","program makan bergizi gratis langkah penting untuk generasi sehat dan kuat indonesiaemas presidenprabowo makanbergizigratis bergizigratis cegahstunting",""
"1.85600703369652E+018","Pemerintah China Dukung Program Makan Bergizi Gratis Prabowo
#Prabowo #MakanBergiziGratis #prabowosubianto #Indonesia https://t.co/zvyfHALuyA","pemerintah china dukung program makan bergizi gratis prabowo prabowo makanbergizigratis prabowosubianto indonesia",""
"1.85452162136276E+018","MBG didukung negara negara asing, bukti keseriusan dalam mewujudkannya

#makanbergizigratis #indonesiaemas #cegahstunting #bergizigratis https://t.co/VjGjMobUGU","mbg didukung negara negara asing bukti keseriusan dalam mewujudkannya makanbergizigratis indonesiaemas cegahstunting bergizigratis",""
"1.85592063783302E+018","ð 7 Arahan Menteri BUMN untuk Sukseskan Program Makan Bergizi Gratis Presiden Prabowo ð

#BUMNuntukIndonesia #MakanBergiziGratis #IndonesiaSehat #PLN #PLNUntukIndonesia #AcceleratingRenewableEnergy https://t.co/mKxjNU4j90","arahan menteri bumn untuk sukseskan program makan bergizi gratis presiden prabowo bumnuntukindonesia makanbergizigratis indonesiasehat pln plnuntukindonesia acceleratingrenewableenergy",""
"1.85691741247578E+018","Amerika Serikat Pastikan Dukung Program Makan Bergizi Gratis, Program Unggulan Presiden Prabowo https://t.co/PKkvYNR5qO 
#prabowo #makanbergizigratis
#JoeBiden","amerika serikat pastikan dukung program makan bergizi gratis program unggulan presiden prabowo prabowo makanbergizigratis joebiden",""
"1.85344308729049E+018","Makan Bergizi Gratis Cetak Generasi Berkualitas dengan Gerakkan Ekonomi Daerah

#MakanBergiziGratis #PresidenPrabowo #WapresGibran
https://t.co/jP4xmDMg6g","makan bergizi gratis cetak generasi berkualitas dengan gerakkan ekonomi daerah makanbergizigratis presidenprabowo wapresgibran",""
"1.85335611460122E+018","Camat Cibinong Pastikan Simulasi Program Makan Bergizi Sukses, Siap Dukung Program Prabowo-Gibran - https://t.co/T5KnkCfPAc #makanbergizigratis #okegas #prabowo #cibinong #bogorkita","camat cibinong pastikan simulasi program makan bergizi sukses siap dukung program prabowogibran makanbergizigratis okegas prabowo cibinong bogorkita",""
"1.85622634927245E+018","Keterlibatan koperasi dalam program makan bergizi gratis jadi momentum bangkitnya koperasi di Indonesiað®ð©
@cakimiNOW 

#gusmuhaimin #makanbergizigratis #koperasi https://t.co/0wCnpfYXLM","keterlibatan koperasi dalam program makan bergizi gratis jadi momentum bangkitnya koperasi di indonesia gusmuhaimin makanbergizigratis koperasi",""
"1.86268422320915E+018","Tak Jadi Rp 10 Ribu, Program Makan Bergizi Gratis Akhirnya Pay Later.","tak jadi rp ribu program makan bergizi gratis akhirnya pay later",""
"1.86287649046943E+018","Duh, baru miss soal gaji guru naik. Kini ditambah miss makan bergizi gratis sudah diuji coba hampir setahun.

Presiden saja baru dilantik belum 50 hari. Hasil pilpres saja baru 20 Maret diumumkan.

Mudah2an ini salah media mengutip.

Ada apa ini kawan2, ayo koordinasi yg lebih","duh baru miss soal gaji guru naik kini ditambah miss makan bergizi gratis sudah diuji coba hampir setahun presiden saja baru dilantik belum hari hasil pilpres saja baru maret diumumkan mudahan ini salah media mengutip ada apa ini kawan ayo koordinasi yang lebih",""
"1.86247322513098E+018","Harusnya makan Bergizi Gratis itu di tenderkan sesuai per menunya bukan 1 menu komplit.
1.Tender Daging
2.Tender Nasi
3.Tender Susu
4.Tender sayuran
5.Tender Buah2an.

Nah Badan gizi tinggal buat tempat buat jadikan itu menu jadi satu paket,
Keuntungan:
1.Lebih mudah buat","harusnya makan bergizi gratis itu di tenderkan sesuai per menunya bukan menu komplit tender daging tender nasi tender susu tender sayuran tender buahan nah badan gizi tinggal buat tempat buat jadikan itu menu jadi satu paket keuntungan lebih mudah buat",""
"1.86283376314067E+018","@saktitrenggono Revitalisasi tambak dan Modeling Budi Daya Nila Salin ini diharapkan mampu meningkatkan produksi ikan nila yang nantinya dapat mendukung swasembada pangan dan program Makan Bergizi Gratis 

#TrenggonoForBudidaya #BINSKarawang #NilaSakti #SaktiWahyuTrenggono","revitalisasi tambak dan modeling budi daya nila salin ini diharapkan mampu meningkatkan produksi ikan nila yang nantinya dapat mendukung swasembada pangan dan program makan bergizi gratis trenggonoforbudidaya binskarawang nilasakti saktiwahyutrenggono",""
"1.86141616105472E+018","Kepala Badan Gizi Nasional Dadan Hindayana memastikan program makan bergizi gratis (MBG) dipatok Rp 15.000 per anak dalam APBN. https://t.co/ces4l2H5aR","kepala badan gizi nasional dadan hindayana memastikan program makan bergizi gratis mbg dipatok rp per anak dalam apbn",""
"1.86246618563345E+018","Prabowo sebut anggaran makan bergizi gratis Rp 10.000 per anak dan ibu hamil, kira-kira apa menunya?

#TempoNanya","prabowo sebut anggaran makan bergizi gratis rp per anak dan ibu hamil kirakira apa menunya temponanya",""
"1.86288387967545E+018","MAKAN BERGIZI TRAGIS
JauhÂ² Studi Banding ke China dan Brazil.
BerputarÂ² dg bangganya Wapres simulasi makan bergizi gratis dg menu yg bervariasi.
Akhirnya bernasib tragis cuma dapat 10rb. https://t.co/HCa2MFTz0J","makan bergizi tragis jauh studi banding ke china dan brazil berputar dengan bangganya wapres simulasi makan bergizi gratis dengan menu yang bervariasi akhirnya bernasib tragis cuma dapat ribu",""
"1.86299102058745E+018","Terima kasih pak Prabowo !!!
Semoga anak Indonesia tidak ada yg kekurangan gizi dan tidak mengalami stunting.

Anggaran makan bergizi gratis Rp.10 ribu per anak sudah sangat besar, cukup untuk membuat menu makanan yg sangat bergizi. https://t.co/yPmKtEO2Rs","terima kasih pak prabowo semoga anak indonesia tidak ada yang kekurangan gizi dan tidak mengalami stunting anggaran makan bergizi gratis rp ribu per anak sudah sangat besar cukup untuk membuat menu makanan yang sangat bergizi",""
"1.86270528355196E+018","Jadi gini. Anggaran Makan Gratis itu kan 460 Triliun/tahun.

Prabowo selama 2 Minggu ke Luar Negeri ternyata cuma bisa NGUTANG dan bawa Rp 249 Triliun, masih jauh dari target anggaran

Jadi, harapan makan bergizi gratis itu yang harusnya Rp 20.000/porsi tdk bisa terwujud karena https://t.co/IX9HHGyzoY","jadi begini anggaran makan gratis itu kan triliuntahun prabowo selama minggu ke luar negeri ternyata cuma bisa ngutang dan bawa rp triliun masih jauh dari target anggaran jadi harapan makan bergizi gratis itu yang harusnya rp porsi tidak bisa terwujud karena",""
"1.86271257571018E+018","MAKAN SIANG GRATIS DITETAPKAN Rp. 10.000.
Makan Bergizi Gratis per porsinya akan ditetapkan sebesar Rp 10 ribu. 
""Kita ingin Rp 15 ribu tapi kondisi anggaran mungkin Rp 10 ribu saja, kita hitung untuk daerah-daerah itu cukup, cukup bermutu dan bergizi,"". https://t.co/6iNmD4000E","makan siang gratis ditetapkan rp makan bergizi gratis per porsinya akan ditetapkan sebesar rp ribu kita ingin rp ribu tapi kondisi anggaran mungkin rp ribu saja kita hitung untuk daerahdaerah itu cukup cukup bermutu dan bergizi",""
"1.86284744087511E+018","Anggaran Makan Bergizi Gratis Jadi Rp10 Ribu per Porsi, Efektif Cukupi Gizi Anak dan Ibu Hamil?

https://t.co/iJL80Ft5JY","anggaran makan bergizi gratis jadi rp ribu per porsi efektif cukupi gizi anak dan ibu hamil",""
"1.8624645090443E+018","Prabowo: Anggaran Makan Bergizi Gratis Rp 10.000 per Anak dan Ibu Hamil
https://t.co/Gizhx70o3g","prabowo anggaran makan bergizi gratis rp per anak dan ibu hamil",""
"1.86283233523606E+018","Prabowo Cerita Diejek Setengah Gila Kasih Makan Bergizi Gratis ke Anak &amp; Ibu Hamil Se-Indonesia https://t.co/OxMrxxI0Mb","prabowo cerita diejek setengah gila kasih makan bergizi gratis ke anak amp ibu hamil seindonesia",""
"1.86235930317866E+018","Meski banyak yang tak percaya pada Program Makan Bergizi Gratis (MBG), Presiden Prabowo Subianto berjanji akan merealisasikan program MBG di hadapan semua guru. #makanbergizigratis","meski banyak yang tak percaya pada program makan bergizi gratis mbg presiden prabowo subianto berjanji akan merealisasikan program mbg di hadapan semua guru makanbergizigratis",""
"1.86215803844838E+018","Cerita Prabowo Pernah Dibilang Setengah Gila Gara-gara Program Makan Bergizi Gratis https://t.co/fyJbyG2caN","cerita prabowo pernah dibilang setengah gila garagara program makan bergizi gratis",""
"1.86162675499101E+018","Pj Gubernur Bangka Belitung (Babel) Sugito berharap program tersebut bisa menjadi multiplier effect bagi masyarakat.

via @detik_sumbagsel 

https://t.co/FdXzCZJYMo","pj gubernur bangka belitung babel sugito berharap program tersebut bisa menjadi multiplier effect bagi masyarakat via",""
"1.85984023331303E+018","Inggris buka peluang kerjasama untuk mendukung program makan bergizi gratis Presiden Prabowo. Inggris menyadari pentingnya pemberian nutrisi yang tepat untuk mendukung pendidikan anak. https://t.co/v6OVinV8hW","inggris buka peluang kerjasama untuk mendukung program makan bergizi gratis presiden prabowo inggris menyadari pentingnya pemberian nutrisi yang tepat untuk mendukung pendidikan anak",""
"1.86207328976336E+018","Lanud Sultan Hasanuddin Uji Coba Makan Bergizi Gratis pada Siswa TK
https://t.co/sMwevYno5U","lanud sultan hasanuddin uji coba makan bergizi gratis pada siswa tk",""
"1.86275603436193E+018","Sampai di meja anakÂ² kiraÂ² nilainya berapa ?
Padahal Wapres Gibran sangat antusias dg simulasi makan siang bergizi gratis dimanaÂ² dg mempertontonkan menu yg bervariasi plus susu.
Begitulah jika mendahulukan gaya demi meraih elektabilitas tanpa memperhitungkan kemampuan yg ada. https://t.co/HPC912tS1R","sampai di meja anak kira nilainya berapa padahal wapres gibran sangat antusias dengan simulasi makan siang bergizi gratis dimana dengan mempertontonkan menu yang bervariasi plus susu begitulah jika mendahulukan gaya demi meraih elektabilitas tanpa memperhitungkan kemampuan yang ada",""
"1.86287411127143E+018","Remaja Bunuh Ayah-Nenek, Komnas HAM Cek TKP Penembakan Siswa, Makan Bergizi Gratis [TOP 3 NEWS] https://t.co/M0tVTSin6j","remaja bunuh ayahnenek komnas ham cek tkp penembakan siswa makan bergizi gratis top news",""
"1.86247151513836E+018","Prabowo Ungkap Anggaran Makan Bergizi Gratis Jadi Rp 10.000 per Porsi
 https://t.co/MoIqg67G3R

#BeritaSonora via @kompascom","prabowo ungkap anggaran makan bergizi gratis jadi rp per porsi beritasonora via",""
"1.85811033569933E+018","Yandri Susanto menyebut Banten punya potensi untuk menyuplai bahan baku program makan bergizi gratis.

https://t.co/9eCp8y2tWb","yandri susanto menyebut banten punya potensi untuk menyuplai bahan baku program makan bergizi gratis",""
"1.85835771400027E+018","Dinas Pendidikan Palembang membocorkan menu makanan bergizi gratis bagi siswa. Makan gratis diperuntukkan untuk siswa PAUD hingga SMP. Lalu apa saja menunya?

via @detik_sumbagsel 

https://t.co/Tl28dRchOh","dinas pendidikan palembang membocorkan menu makanan bergizi gratis bagi siswa makan gratis diperuntukkan untuk siswa paud hingga smp lalu apa saja menunya via",""
"1.85840376747931E+018","Presiden Prabowo Subianto ingin mempelajari skema makan bergizi gratis dari Brasil untuk diterapkan di Indonesia. Bagaimana fokusnya? https://t.co/oBYHPTccml","presiden prabowo subianto ingin mempelajari skema makan bergizi gratis dari brasil untuk diterapkan di indonesia bagaimana fokusnya",""
"1.86139471517576E+018","Kepala Badan Gizi Nasional (BGN), Dadan Hindayana mengatakan, pemerintah akan melibatkan katering dalam Program Makan Bergizi Gratis. Namun, pengendalian operasional dan kualitasnya tetap dilakukan oleh BGN.
#bisnisupdate #update #bisnis #oneliner
https://t.co/qFgl1nEG5r https://t.co/csX4okvMbf","kepala badan gizi nasional bgn dadan hindayana mengatakan pemerintah akan melibatkan katering dalam program makan bergizi gratis namun pengendalian operasional dan kualitasnya tetap dilakukan oleh bgn bisnisupdate update bisnis oneliner",""
"1.8619733735235E+018","#live

Sdg brlgsg Wwcr dialog dgn  Topik Uji Coba Makan Bergizi Gratis bersama Marsekal Pertama TNI Muzafar-Danlanud Halim Perdana Kusuma oleh Aggrani Sihombing 

dengarkan di 88,8FM&amp;RRI Digital.  
#IMP #PRO3RRI https://t.co/A7xDpIpDIY","live sdg brlgsg wwcr dialog dengan topik uji coba makan bergizi gratis bersama marsekal pertama tni muzafardanlanud halim perdana kusuma oleh aggrani sihombing dengarkan di fmamprri digital imp prorri",""
"1.86234731857993E+018","Mengapa Prabowo Berpikir Ulang Soal Makan Bergizi Gratis Didanai Utang Luar Negeri

Presiden Prabowo Subianto membawa komitmen dukungan dari sejumlah negara untuk program makan bergizi gratis setelah lawatan ke enam negara sejak 8 November 2024. Salah satunya dari Cina, yang https://t.co/sYcqe6pzrE","mengapa prabowo berpikir ulang soal makan bergizi gratis didanai utang luar negeri presiden prabowo subianto membawa komitmen dukungan dari sejumlah negara untuk program makan bergizi gratis setelah lawatan ke enam negara sejak november salah satunya dari cina yang",""
"1.8625217093055E+018","Singgung Anggaran Rp 10.000, Waketum PKB Usul Program Makan Bergizi Gratis Ditangani Perempuan https://t.co/Rs3wLhk5Ui https://t.co/rHSicEq4E4","singgung anggaran rp waketum pkb usul program makan bergizi gratis ditangani perempuan",""
"1.86248316687716E+018","Anggaran Program Makan Bergizi Gratis untuk Anak dan Ibu Hamil Ditetapkan Rp10.000 https://t.co/YzelCAssPp","anggaran program makan bergizi gratis untuk anak dan ibu hamil ditetapkan rp",""
"1.86271837537145E+018","Presiden Prabowo Subianto mengungkapkan anggaran program makan bergizi gratis menjadi Rp 10.000 per porsi. 

""Kalau kita rinci program bergizi ini nanti rata-rata minimumnya atau rata-ratanya kita ingin memberi indeks per anak, per ibu hamil itu Rp 10.000 per hari, kurang lebih,"" https://t.co/RieFmMQ5CM","presiden prabowo subianto mengungkapkan anggaran program makan bergizi gratis menjadi rp per porsi kalau kita rinci program bergizi ini nanti ratarata minimumnya atau rataratanya kita ingin memberi indeks per anak per ibu hamil itu rp per hari kurang lebih",""
"1.85800040329787E+018","detikers, tahu nggak kalau pada debat sebelumnya para paslon saling tebar program âgratisâ? ð

Ada yang janji kasih internet gratis, makan bergizi gratis untuk segmen lain, bahkan nambah sarapan bergizi gratis!

#PilgubJakarta #PilkadaJakarta #PilkadaDKI2024 https://t.co/YaHspY2zVL","detikers tahu enggak kalau pada debat sebelumnya para paslon saling tebar program gratis ada yang janji kasih internet gratis makan bergizi gratis untuk segmen lain bahkan menambah sarapan bergizi gratis pilgubjakarta pilkadajakarta pilkadadki",""
"1.86098714339464E+018","Pemerintah melalui Menteri Keuangan Sri Mulyani menetapkan PPN 12% yang mulai berlaku pada 1 Januari 2025. Kebijakan ini bertujuan untuk menambal defisit APBN yang meningkat untuk pembiayaan program Makan Bergizi Gratis (MBG). 

Program MBG dianggap merupakan prioritas nasional https://t.co/rlgoHsTLDF","pemerintah melalui menteri keuangan sri mulyani menetapkan ppn yang mulai berlaku pada januari kebijakan ini bertujuan untuk menambal defisit apbn yang meningkat untuk pembiayaan program makan bergizi gratis mbg program mbg dianggap merupakan prioritas nasional",""
"1.8590767036177E+018","Presiden Prabowo Subianto bicara program makan bergizi gratis di hadapan para pemimpin negara di KTT G20 Brasil. 

Sementara Wakil Presiden Gibran Rakabuming Raka meninjau langsung pelaksanaan program ini di SDN Slipi 15 dan SLB 05 Slipi, Jakarta Barat. https://t.co/x5N46EaSsu","presiden prabowo subianto bicara program makan bergizi gratis di hadapan para pemimpin negara di ktt g brasil sementara wakil presiden gibran rakabuming raka meninjau langsung pelaksanaan program ini di sdn slipi dan slb slipi jakarta barat",""
"1.8587598642035E+018","Prabowo ungkap 25% anak Indonesia alami kelaparan setiap hari. Ia beberkan strateginya dengan program makan bergizi gratis untuk mengatasi kelaparan. https://t.co/gjEJo7NRlN","prabowo ungkap anak indonesia alami kelaparan setiap hari ia beberkan strateginya dengan program makan bergizi gratis untuk mengatasi kelaparan",""
"1.86245335658282E+018","Presiden Prabowo Subianto mengungkapkan anggaran program makan bergizi gratis menjadi Rp 10.000 per porsi. //MN

#PrabowoSubianto #ProgramMakanGratis #Anggaran
 
https://t.co/ahKIabHDZd","presiden prabowo subianto mengungkapkan anggaran program makan bergizi gratis menjadi rp per porsi mn prabowosubianto programmakangratis anggaran",""
"1.86245086466301E+018","Prabowo Tetapkan Anggaran Makan Bergizi Gratis Rp10 Ribu per Anak
https://t.co/fpgIgGtIYA","prabowo tetapkan anggaran makan bergizi gratis rp ribu per anak",""
"1.86277031337497E+018","Kepala BGN: Anggaran Makan Bergizi Gratis Rp 10.000 Cukup, Teruji di Sukabumi https://t.co/YICOU1dmNN","kepala bgn anggaran makan bergizi gratis rp cukup teruji di sukabumi",""
"1.86275343455195E+018","Turun Lagi! Prabowo Ungkap Anggaran Makan Bergizi Gratis Jadi Rp 10.000 Per Porsi, Dapat Apa Modal Segitu?
https://t.co/TZTmejBPrZ","turun lagi prabowo ungkap anggaran makan bergizi gratis jadi rp per porsi dapat apa modal segitu",""
"1.8616737565546E+018","Program Makan Bergizi Gratis Dipatok Rp 15.000 per Anak, Siap Diluncurkan Januari 2025 #BNetwork
https://t.co/18Rf3XR7Li","program makan bergizi gratis dipatok rp per anak siap diluncurkan januari bnetwork",""
"1.85915723251835E+018","Prabowo ingin mencontoh Brasil yang telah sukses menjalankan program makan bergizi gratis. Prabowo pun akan bentuk tim khusus untuk mempelajari program tersebut. https://t.co/KtGarqk3t3","prabowo ingin mencontoh brasil yang telah sukses menjalankan program makan bergizi gratis prabowo pun akan bentuk tim khusus untuk mempelajari program tersebut",""
"1.86243921003849E+018","Kawal Uji Coba Makan Bergizi Gratis di Tanjungpandan https://t.co/9R5Z3PrhbS","kawal uji coba makan bergizi gratis di tanjungpandan",""
"1.86214626758722E+018","OECD Prediksi Anggaran Makan Bergizi Gratis Bengkak https://t.co/q2rlGOyHh3","oecd prediksi anggaran makan bergizi gratis bengkak",""
"1.86266650125138E+018","Pak @prabowo , kalau anggarannya blm cukup &amp; program makan siang bergizi gratis tetap hrs jalan di Januari 2025, baiknya dibatasi dulu anak penerima manfaatnya, jgn sekedar ngejar jumlah lalu dipamerin ke publik, tp kualitas makanan yg diterima anak jd berkurang

Rp 10 ribu/pax?","pak kalau anggarannya belum cukup amp program makan siang bergizi gratis tetap harus jalan di januari baiknya dibatasi dulu anak penerima manfaatnya jangan sekedar ngejar jumlah lalu dipamerin ke publik tapi kualitas makanan yang diterima anak jadi berkurang rp ribupax",""
"1.86251802486949E+018","Presiden Prabowo Subianto mengungkapkan anggaran program makan bergizi gratis menjadi Rp 10.000 per porsi. https://t.co/G04IiQkE2E","presiden prabowo subianto mengungkapkan anggaran program makan bergizi gratis menjadi rp per porsi",""
"1.86277647450975E+018","Presiden:Â  Â Anggaran Terbatas, Makan Bergizi Gratis Diturunkan Dari Rp 15 ribu Jadi Rp 10 Ribu https://t.co/d6UPbeZNnl","presiden anggaran terbatas makan bergizi gratis diturunkan dari rp ribu jadi rp ribu",""
"1.86232428590764E+018","#SobatTernak Kementan dan Badan Gizi Nasional Dorong Peternak Lokal Penuhi Kebutuhan Protein Hewani Makan Bergizi Gratis

https://t.co/2hUK8UFpbM

#DitjenPKH https://t.co/F7hNdtitMN","sobatternak kementan dan badan gizi nasional dorong peternak lokal penuhi kebutuhan protein hewani makan bergizi gratis ditjenpkh",""
"1.85873318807755E+018","Mendikdasmen Abdul Mu'ti tegaskan Program Makan Bergizi Gratis tidak sekadar makan sehat, tapi juga pembentukan karakter.

Via @detik_edu  https://t.co/qtSuL39gWd","mendikdasmen abdul muti tegaskan program makan bergizi gratis tidak sekadar makan sehat tapi juga pembentukan karakter via",""
"1.86275974456775E+018","@kegblgnunfaedh Prabowo Pangkas Anggaran Makan Bergizi Gratis jadi Rp10.000 per Hari!
https://t.co/PPTjQwgyEu","prabowo pangkas anggaran makan bergizi gratis jadi rp per hari",""
"1.86283561719507E+018","Uji Coba Makan Bergizi Gratis Rp 10.000 Sudah Setahun, Bisa Penuhi Nutrisi? https://t.co/rXerwxflVs","uji coba makan bergizi gratis rp sudah setahun bisa penuhi nutrisi",""
"1.85874275097741E+018","Wapres Gibran sambangi SLBN 5 dan SDN 15 Slipi Pagi, Jakbar untuk meninjau uji coba program makan bergizi gratis. Gibran juga bagikan alat tulis. https://t.co/ocGOVShRjL","wapres gibran sambangi slbn dan sdn slipi pagi jakbar untuk meninjau uji coba program makan bergizi gratis gibran juga bagikan alat tulis",""
"1.86267549601599E+018","Presiden Prabowo Subianto meluncurkan program Makan Bergizi Gratis (MBG) dengan anggaran Rp 10.000 per hari untuk setiap anak dan ibu hamil. Program ini bertujuan meningkatkan gizi masyarakat, terutama di kelompok ekonomi bawah.

""Kalau kita perincikan program bergizi ini nanti https://t.co/DnFuKKCITb","presiden prabowo subianto meluncurkan program makan bergizi gratis mbg dengan anggaran rp per hari untuk setiap anak dan ibu hamil program ini bertujuan meningkatkan gizi masyarakat terutama di kelompok ekonomi bawah kalau kita perincikan program bergizi ini nanti",""
"1.86212805825516E+018","Para guru beri tepuk tangan meriah untuk Sri Mulyani, Mayor Teddy, hingga Program Makan Siang Bergizi gratis di acara puncak HGN 2024.

Via @detik_edu  https://t.co/AWWEsoZe7l","para guru beri tepuk tangan meriah untuk sri mulyani mayor teddy hingga program makan siang bergizi gratis di acara puncak hgn via",""
"1.85875508237789E+018","Wapres Gibran meninjau makan bergizi gratis di SLBN 5 dan SDN 15 Slipi Pagi, Jakarta Barat. Gibran membagikan susu ke siswa dan menyapa warga. https://t.co/vNo5tq8Njw","wapres gibran meninjau makan bergizi gratis di slbn dan sdn slipi pagi jakarta barat gibran membagikan susu ke siswa dan menyapa warga",""
"1.86275945244278E+018","@JhonSitorus_18 Prabowo Umumkan Anggaran Makan Bergizi Gratis Rp10.000 Per Hari
https://t.co/3BOzzrCF1d","prabowo umumkan anggaran makan bergizi gratis rp per hari",""
"1.86239394416608E+018","BUMN Ini Gelar Uji Coba Program Makan Bergizi Gratis Pakai Ikan
https://t.co/qC4aavvQmZ","bumn ini gelar uji coba program makan bergizi gratis pakai ikan",""
"1.86247175751873E+018","Cerita Katering Penyedia Program Makan Bergizi Gratis Rp15.000
https://t.co/LNI9debcDn","cerita katering penyedia program makan bergizi gratis rp",""
"1.86240387514104E+018","Ketua MPR Ahmad Muzani mendukung program Makan Bergizi Prabowo untuk perbaiki pendidikan. Fokus pada peningkatan SDM dan tradisi keilmuan di Indonesia.

Via @detikjabar_ 

https://t.co/sNj5Rf8YCo","ketua mpr ahmad muzani mendukung program makan bergizi prabowo untuk perbaiki pendidikan fokus pada peningkatan sdm dan tradisi keilmuan di indonesia via",""
"1.86291323380979E+018","TAK ADA MAKAN SIANG GRATISâ¼ï¸
Adalah jargon yg sangat umum. Ini lekat dgn program nya PS yaitu MBG (Makan Bergizi Gratis).
Komitmen (dgn Cina) disepakati, bantuan (baca : pinjaman) nekat diteken utk jalankan program MBG. Indonesia makin terjebak semakin dalam. #ChinaDebtTrap ? https://t.co/0NRoFKiYwZ","tak ada makan siang gratis adalah jargon yang sangat umum ini lekat dengan program nya ps yaitu mbg makan bergizi gratis komitmen dengan cina disepakati bantuan baca pinjaman nekat diteken untuk jalankan program mbg indonesia makin terjebak semakin dalam chinadebttrap",""
"1.86251481951107E+018","Cerita Katering Penyedia Program Makan Bergizi Gratis Rp 15.000 https://t.co/UHyZVv2r0Y","cerita katering penyedia program makan bergizi gratis rp",""
"1.86099307934983E+018","Presiden Prabowo bertemu dengan PM Inggris, Keir Starmer, di kantor PM Downing Street 10, London. Inggris disebut buka peluang kerja sama untuk dukung program makan bergizi di Indonesia.

Via @detik_edu  https://t.co/8kvHRhgzZ2","presiden prabowo bertemu dengan pm inggris keir starmer di kantor pm downing street london inggris disebut buka peluang kerja sama untuk dukung program makan bergizi di indonesia via",""
"1.86212151336698E+018","Prabowo Curhat Program Makan Bergizi Gratis Diejek: Saya Dibilang Sudah Gila
https://t.co/m7vHqzesvt","prabowo curhat program makan bergizi gratis diejek saya dibilang sudah gila",""
"1.86249186137575E+018","Resmi! Prabowo Patok Anggaran Makan Bergizi Gratis Rp10 Ribu per Porsi

https://t.co/4UfeErUItc","resmi prabowo patok anggaran makan bergizi gratis rp ribu per porsi",""
"1.86245516283895E+018","Prabowo Umumkan Anggaran Makan Bergizi Gratis Rp10.000 Per Hari

https://t.co/49NMZCEUB5","prabowo umumkan anggaran makan bergizi gratis rp per hari",""
"1.86163707327667E+018","Program makan bergizi gratis akan dimulai Januari 2024. Target awal, program tersebut akan menyasar ke 3 juta anak di tiga bulan pertama. https://t.co/JyABcjRBcH","program makan bergizi gratis akan dimulai januari target awal program tersebut akan menyasar ke juta anak di tiga bulan pertama",""
"1.86285099234299E+018","ABOUT SEMARANG â Presiden Prabowo Subianto memutuskan untuk memangkas anggaran program Makan Bergizi Gratis (MBG) dari sebelumnya Rp 15.000 menjadi Rp 10.000 per anak atau ibu hamil per hari.
https://t.co/LvbaoThDkt","about semarang presiden prabowo subianto memutuskan untuk memangkas anggaran program makan bergizi gratis mbg dari sebelumnya rp menjadi rp per anak atau ibu hamil per hari",""
"1.85980424614275E+018","Selain meninjau uji coba program makan bergizi gratis di SMKN 7 Semarang, Wapres Gibran juga sempat membagikan alat tulis ke sejumlah siswa. Ia juga sempat bercanda seolah-olah menegur mereka untuk berterima kasih.

Via @detikjatengcom 
https://t.co/nxKg8JrxZs","selain meninjau uji coba program makan bergizi gratis di smkn semarang wapres gibran juga sempat membagikan alat tulis ke sejumlah siswa ia juga sempat bercanda seolaholah menegur mereka untuk berterima kasih via",""
"1.86162097172081E+018","Presiden Prabowo Subianto Hadir di Konferensi Tingkat Tinggi G-20 di Rio de Janeiro, Brasil, pada 18 dan 19 November 2024. Prabowo kerap menyinggung program makan bergizi gratis yang menjadi program andalan pemerintahan Prabowo-Gibran. https://t.co/ns6OyEQkD6 https://t.co/DMK7FHsug5","presiden prabowo subianto hadir di konferensi tingkat tinggi g di rio deh janeiro brasil pada dan november prabowo kerap menyinggung program makan bergizi gratis yang menjadi program andalan pemerintahan prabowogibran",""
"1.86264773981052E+018","Presiden Prabowo Subianto bercerita sempat diejek, ditertawakan, bahkan dianggap gila ketika mencanangkan program makan bergizi gratis. Namun, ia tetap teguh pada komitmennya dan menegaskan, jajaran pemerintahannya akan mewujudkan program ini. https://t.co/xPQjy0chmN","presiden prabowo subianto bercerita sempat diejek ditertawakan bahkan dianggap gila ketika mencanangkan program makan bergizi gratis namun ia tetap teguh pada komitmennya dan menegaskan jajaran pemerintahannya akan mewujudkan program ini",""
"1.86265798139102E+018","Pemkot Surabaya Pastikan 2025 Sudah Siapkan Rp1,1 Triliun untuk Makan Bergizi Gratis SD-SMP https://t.co/ejI004bkdE","pemkot surabaya pastikan sudah siapkan rp triliun untuk makan bergizi gratis sdsmp",""
"1.86282389298677E+018","Pemerintah memastikan anggaran program makan bergizi gratis sebesar Rp10 ribu mampu memenuhi kebutuhan gizi anak. Hal ini diketahui dari uji coba program tersebut selama hampir satu tahun. https://t.co/YsgEQqT042","pemerintah memastikan anggaran program makan bergizi gratis sebesar rp ribu mampu memenuhi kebutuhan gizi anak hal ini diketahui dari uji coba program tersebut selama hampir satu tahun",""
"1.86246069172015E+018","Sampe ke anak potong berapa lagi

Anggaran Cekak, Prabowo Pangkas Biaya Makan Bergizi Gratis Jadi Rp 10 Ribu/Anak https://t.co/y9aGGWh6UE","sampe ke anak potong berapa lagi anggaran cekak prabowo pangkas biaya makan bergizi gratis jadi rp ribuanak",""
"1.86246835642903E+018","Prabowo: Anggaran Makan Bergizi Gratis Rp10.000 Per Hari untuk 1 Anak https://t.co/P5XEGTp6oD #News","prabowo anggaran makan bergizi gratis rp per hari untuk anak news",""
"1.86268237582379E+018","Prabowo Tetapkan Anggaran Makan Bergizi Gratis Jadi Rp 10.000 per Porsi https://t.co/ThAlnF8jc1 

#trending Presiden Prabowo Subianto Gibran Rakabuming Raka wulan guritno UMP UMK UMR 2025 Upah Buruh Gaji Guru ASN https://t.co/Q4nQh2UdIW","prabowo tetapkan anggaran makan bergizi gratis jadi rp per porsi trending presiden prabowo subianto gibran rakabuming raka wulan guritno ump umk umr upah buruh gaji guru asn",""
"1.86246981286727E+018","Prabowo Tetapkan Makan Bergizi Gratis Rp 10.000 per Porsi
https://t.co/XpmMC0kLJZ","prabowo tetapkan makan bergizi gratis rp per porsi",""
"1.86214610887059E+018","Pemkab PPU Siapkan Rp30 Miliar untuk Program Makan Bergizi Gratis
 
https://t.co/QMb1DDisnE #foodlover #FoodSafety #prabowog20leadership #PrabowoSubianto #Indonesia #PenajamPaserUtara #IKNnusantara #government","pemkab ppu siapkan rp miliar untuk program makan bergizi gratis foodlover foodsafety prabowogleadership prabowosubianto indonesia penajampaserutara iknnusantara government",""
"1.86154274966698E+018","Kodim 1418/Mamuju Kolaborasi Dengan Komunitas Petani Hidroponik Mendukung Makan Bergizi Gratis

#tniad
#dispenad
#puspentni
#TNIindonesia https://t.co/hI4AEgFhnr","kodim mamuju kolaborasi dengan komunitas petani hidroponik mendukung makan bergizi gratis tniad dispenad puspentni tniindonesia",""
"1.86232651646788E+018","Menteri Kelautan dan Perikanan Sakti Wahyu Trenggono mendorong adanya protein dari ikan dalam menu program Makan Bergizi Gratis yang dicanangkan oleh Presiden Prabowo Subianto dan Wakil Presiden Gibran Rakabuming Raka.https://t.co/RE1RffMgZa","menteri kelautan dan perikanan sakti wahyu trenggono mendorong adanya protein dari ikan dalam menu program makan bergizi gratis yang dicanangkan oleh presiden prabowo subianto dan wakil presiden gibran rakabuming raka",""
"1.8624813029746E+018","376 anak sekolah TK dan SD Angkasa Lanud Silas Papare dapat makan siang bergizi gratis. 
https://t.co/f9zYd3yXd4","anak sekolah tk dan sd angkasa lanud silas papare dapat makan siang bergizi gratis",""
"1.86209832405842E+018","Program Makan Bergizi Gratis Pakai Menu Ikan, Begini Rencana Trenggono https://t.co/fJFNjmmfq8","program makan bergizi gratis pakai menu ikan begini rencana trenggono",""
"1.86283651889906E+018","Anggaran Makan Bergizi Gratis Turun Jadi Rp10 Ribu Per Porsi Sehari, Prabowo Beri Penjelasan https://t.co/erjo7fpxEM","anggaran makan bergizi gratis turun jadi rp ribu per porsi sehari prabowo beri penjelasan",""
"1.85878477812187E+018","Tinjau uji coba makan bergizi gratis di Jakbar bersama Wapres Gibran, Pj Gubernur Jakarta Teguh mengatakan Pemprov DKI siapkan strategi agar makanan tetap hangat saat diterima pelajar. https://t.co/M0bNjM9fAs","tinjau uji coba makan bergizi gratis di jakbar bersama wapres gibran pj gubernur jakarta teguh mengatakan pemprov dki siapkan strategi agar makanan tetap hangat saat diterima pelajar",""
"1.86228534463874E+018","Kader Gerindra Lakukan Uji Coba Makan Bergizi Gratis di Surabaya, Hasilnya Positif

https://t.co/bDdqcrvDha","kader gerindra lakukan uji coba makan bergizi gratis di surabaya hasilnya positif",""
"1.86250835039274E+018","Prabowo: Rp 10.000 untuk makan bergizi gratis untuk daerah-daerah itu bermutu dan bergizi

Mulai kebingungan sendiri dengan janji kampanyenya, begitulah kalau bikin janji tanpa dikalkulasi dengan cermat https://t.co/FOtdGDf1oa","prabowo rp untuk makan bergizi gratis untuk daerahdaerah itu bermutu dan bergizi mulai kebingungan sendiri dengan janji kampanyenya begitulah kalau bikin janji tanpa dikalkulasi dengan cermat",""
"1.8628139452472E+018","Berita gembira: Kemenangan @DediMulyadi71 bikin penganut klenik gurun kelojotan.

Berita sedih: 
Anggaran makan bergizi gratis Rp. 10 ribu/anak, namun penganut klenik gurun berkunjung ke kubus hitam disubsidi Rp. 37 juta/orang.

Bisakah @prabowo  menghentikan ketidakadilan ini?ð­ https://t.co/Jayje5NP2b","berita gembira kemenangan bikin penganut klenik gurun kelojotan berita sedih anggaran makan bergizi gratis rp ribuanak namun penganut klenik gurun berkunjung ke kubus hitam disubsidi rp jutaorang bisakah menghentikan ketidakadilan ini",""
"1.86267313219434E+018","Presiden Prabowo Subianto mengumumkan sendiri kenaikan upah minimum 2025 kemarin (29/11). Angkanya sebesar 6,5 persen. Program makan bergizi gratis bantuan sosial jadi jaring pengaman jika upah tidak mencukupi. 
Prabowo seusai rapat terbatas menyatakan upah minimum merupakan https://t.co/5ASXrUXAMO","presiden prabowo subianto mengumumkan sendiri kenaikan upah minimum kemarin angkanya sebesar persen program makan bergizi gratis bantuan sosial jadi jaring pengaman jika upah tidak mencukupi prabowo seusai rapat terbatas menyatakan upah minimum merupakan",""
"1.86145110378064E+018","Program Makan Bergizi Gratis Diharapkan beri 2 Efek

https://t.co/3aX6EJrnBT","program makan bergizi gratis diharapkan beri efek",""
"1.86268693958306E+018","Pemkab Gresik bersama DPRD Gresik sementara ini telah menganggarkan Rp 5 miliar untuk makan bergizi gratis (MBG). Anggaran untuk 2025 itu masih mungkin mengalami perubahan. Setidaknya, terdapat 126 ribu pelajar yang masuk penerima program tersebut.

Selengkapnya baca Koran Jawa https://t.co/rtePBPWjGZ","pemkab gresik bersama dprd gresik sementara ini telah menganggarkan rp miliar untuk makan bergizi gratis mbg anggaran untuk itu masih mungkin mengalami perubahan setidaknya terdapat ribu pelajar yang masuk penerima program tersebut selengkapnya baca koran jawa",""
"1.8612258104868E+018","Program Makan Bergizi Gratis Dimulai 2 Januari, Disdik Pemko Batam Matangkan Persiapan

#makangratis

https://t.co/bpNKwrXi1Y","program makan bergizi gratis dimulai januari disdik pemko batam matangkan persiapan makangratis",""
"1.86097744851678E+018","Inggris Tertarik Kerja Sama Program Makan Bergizi Gratis di Indonesia

https://t.co/mZc35rKAjD","inggris tertarik kerja sama program makan bergizi gratis di indonesia",""
"1.86238756620222E+018","BUMN bidang pangan, PT Perikanan Indonesia, member of ID FOOD, berkomitmen mendukung Program Makan Bergizi Gratis (MBG). https://t.co/2kSVrEVSN6","bumn bidang pangan pt perikanan indonesia member of id food berkomitmen mendukung program makan bergizi gratis mbg",""
"1.86283223648532E+018","Presiden Prabowo mengungkapkan anggaran program makan bergizi gratis, senilai Rp 10.000/anak. Kepala Negara menegaskan, program makan bergizi gratis bertujuan untuk menambah kesejahteraan rakyat, termasuk para buruh.

#presidenprabowo #programmakangratis #makanbergizigratis https://t.co/VRnx9gHSai","presiden prabowo mengungkapkan anggaran program makan bergizi gratis senilai rp anak kepala negara menegaskan program makan bergizi gratis bertujuan untuk menambah kesejahteraan rakyat termasuk para buruh presidenprabowo programmakangratis makanbergizigratis",""
"1.86275480658429E+018","Wis pokoknya rakyat manut, mau anggaran makan bergizi gratis Rp 10.000 atau Rp.1.000 terserah saja.

Yang penting janji kampanye ditepati.
Toh rakyat bisa apa ?ððð https://t.co/VBWw5qQtEE","wis pokoknya rakyat manut mau anggaran makan bergizi gratis rp atau rp terserah saja yang penting janji kampanye ditepati toh rakyat bisa apa",""
"1.86263555553386E+018","Ah...mas wowo mencla mencle..
Ok gas..ok gas..ok gas...

Prabowo Ungkap Anggaran Makan Bergizi Gratis Jadi Rp 10.000 per Porsi https://t.co/26eyStE2X2","ahmas wowo mencla mencle ok gasok gasok gas prabowo ungkap anggaran makan bergizi gratis jadi rp per porsi",""
"1.86288194947773E+018","Biar adil program makan bergizi gratis diuji coba dulu selama 100 hari ke bapaknya sebelah kanan, kalo bapak tsb tidak apaÂ², program tsb siap di launching ke warga https://t.co/GC2jER7sNB","biar adil program makan bergizi gratis diuji coba dulu selama hari ke bapaknya sebelah kanan kalo bapak tersebut tidak apa program tersebut siap di launching ke warga",""
"1.86247411290966E+018","Presiden RI Prabowo Subianto menyebut angka anggaran makan bergizi gratis (MBG) bakal dipatok Rp10.000 per anak. Angka tersebut jadi lebih rendah dari yang sebelumnya dialokasikan Rp15.000 per anak.

""Kalau kita rinci program bergizi ini nanti rata-rata minimumnya kita ingin https://t.co/cv1puUqBvr","presiden ri prabowo subianto menyebut angka anggaran makan bergizi gratis mbg bakal dipatok rp per anak angka tersebut jadi lebih rendah dari yang sebelumnya dialokasikan rp per anak kalau kita rinci program bergizi ini nanti ratarata minimumnya kita ingin",""
"1.86267525639541E+018","Anggaran Makan Bergizi Gratis Jadi Rp 10.000, PKB Desak Presiden Prabowo Libatkan Ibu-ibu
https://t.co/ofMPhiLnWB","anggaran makan bergizi gratis jadi rp pkb desak presiden prabowo libatkan ibuibu",""
"1.86288871438673E+018","Ketum Kadin Minta Pengusaha Terlibat Program Makan Bergizi Gratis
https://t.co/UHSARdzo5O","ketum kadin minta pengusaha terlibat program makan bergizi gratis",""
"1.86268780648243E+018","Presiden Prabowo Subianto buka-bukaan soal biaya per porsi program makan bergizi gratis, dari sebelumnya Rp 15 ribu/anak turun menjadi Rp 10 ribu/anak. https://t.co/gd8zenzSFg","presiden prabowo subianto bukabukaan soal biaya per porsi program makan bergizi gratis dari sebelumnya rp ribuanak turun menjadi rp ribuanak",""
"1.86281688560528E+018","Kepala Kantor Komunikasi Kepresidenan Hasan Nasbi mengatakanÂ Makan Bergizi GratisÂ tetap memenuhi standarÂ giziÂ meski jatah anggarannya dikurangi dari Rp15 ribu menjadi Rp10 ribu per anak per hari.

https://t.co/C0Jb0a2JXE","kepala kantor komunikasi kepresidenan hasan nasbi mengatakan makan bergizi gratis tetap memenuhi standar gizi meski jatah anggarannya dikurangi dari rp ribu menjadi rp ribu per anak per hari",""
"1.86300495550398E+018","Kepala BGN: Anggaran Makan Bergizi Gratis Rp 10.000 Cukupâ Teruji di Sukabumi https://t.co/Qr4RC0YKM5 via @KATADATAcoid yg sejak awal saya ngak setuju program ini","kepala bgn anggaran makan bergizi gratis rp cukup teruji di sukabumi via yang sejak awal saya enggak setuju program ini",""
"1.86272875845489E+018","Presiden Prabowo Subianto meluncurkan Program Makan Bergizi Gratis (MBG) sebagai bagian dari upaya meningkatkan kesejahteraan rakyat, khususnya keluarga buruh. Program ini diumumkan usai rapat terbatas di Istana Kepresidenan, Jakarta, Jumat, 29 November 2024, bersamaan dengan https://t.co/UMMXIOaiL5","presiden prabowo subianto meluncurkan program makan bergizi gratis mbg sebagai bagian dari upaya meningkatkan kesejahteraan rakyat khususnya keluarga buruh program ini diumumkan usai rapat terbatas di istana kepresidenan jakarta jumat november bersamaan dengan",""
"1.8610826190706E+018","#SobatDesa dan #SahabatBahari, dalam rangka mendukung program prioritas Presiden Prabowo, Swasembada Pangan dan Makan Bergizi Gratis, Kemendes PDT bekerja sama dengan Kementerian Kelautan dan Perikanan (KKP). https://t.co/qlx4KyIrlp","sobatdesa dan sahabatbahari dalam rangka mendukung program prioritas presiden prabowo swasembada pangan dan makan bergizi gratis kemendes pdt bekerja sama dengan kementerian kelautan dan perikanan kkp",""
"1.8624059483606E+018","28 November 2024

Wakil Kepala Staf Kepresidenan mengunjungi pelaksanaan Program Makan Bergizi Gratis di SMPS Barunawati, Jakarta, yang didampingi oleh tim Badan Gizi Nasional (BGN), jajaran sekolah dan Kantor Staf Presiden. https://t.co/hhys8wcbCW","november wakil kepala staf kepresidenan mengunjungi pelaksanaan program makan bergizi gratis di smps barunawati jakarta yang didampingi oleh tim badan gizi nasional bgn jajaran sekolah dan kantor staf presiden",""
"1.86202840081628E+018","Puteri Komarudin Minta LKPP Libatkan UMKM dan BUMDes Persiapkan Program Makan Bergizi Gratis
#bahlillahadalia #kuningkeren #golkarindonesia #partaigolkar #golkarpedia
https://t.co/oRSVR3XvVE","puteri komarudin minta lkpp libatkan umkm dan bumdes persiapkan program makan bergizi gratis bahlillahadalia kuningkeren golkarindonesia partaigolkar golkarpedia",""
"1.86266697521612E+018","- Gaji Guru Dinaikkan â 
- Makan Siang bergizi Gratis â 
***S&amp;K Berlaku

- PAJAK DINAIKKAN â 
***berlaku bwat semua

Itu yg pada Tepuk Tangan kira2 Sehat Gakâï¸ð¤ðð®âð¨ https://t.co/gXkoJZcjDS","gaji guru dinaikkan makan siang bergizi gratis sampk berlaku pajak dinaikkan berlaku bwat semua itu yang pada tepuk tangan kira sehat gak",""
"1.86243059893529E+018","Ketua Komisi XI DPR: Makan Bergizi Gratis Peluang UMKK Naik Kelas 
@DPR_RI 

https://t.co/e9R8XmjlNW 
#dprri #komisiXI #makanbergizigratis #umkk https://t.co/PNbTXnPDrg","ketua komisi xi dpr makan bergizi gratis peluang umkk naik kelas dprri komisixi makanbergizigratis umkk",""
"1.86244341584754E+018","Uji Coba Makan Bergizi Gratis di Kabupaten Bekasi,Â Frisian Flag Indonesia Dukung Peningkatan Status Kesehatan Anak Indonesia https://t.co/5L2UPruARC","uji coba makan bergizi gratis di kabupaten bekasi frisian flag indonesia dukung peningkatan status kesehatan anak indonesia",""
"1.86273690614626E+018","Prabowo Sebut Anggaran Makan Bergizi Gratis Dipatok Rp10rb per Anak dan Ibu Hamil

https://t.co/1ua8cj63f6 

#PrabowoSebut #AnggaranMakanBergizi #Gratis #Dipatok10Ribu #PerAnakdanIbuHamil","prabowo sebut anggaran makan bergizi gratis dipatok rprb per anak dan ibu hamil prabowosebut anggaranmakanbergizi gratis dipatokribu peranakdanibuhamil",""
"1.86266358604651E+018","Demi Kelancaran Program Makan Bergizi Gratis TNI AU Pastikan Ikut Turun Tangan Bahkan Sudah Siapkan Langkah Uji Coba https://t.co/vGzzIkcIhM","demi kelancaran program makan bergizi gratis tni au pastikan ikut turun tangan bahkan sudah siapkan langkah uji coba",""
"1.86206930428141E+018","Salah satu dukungan lain dalam program makan bergizi gratis
- pembayaran remitansi dan bank chanelling untuk kelancaran pendanaan program makan bergizi gratis

@PosIndonesia 
#PosIND 
#PosIndonesia https://t.co/0i3eaGSltM","salah satu dukungan lain dalam program makan bergizi gratis pembayaran remitansi dan bank chanelling untuk kelancaran pendanaan program makan bergizi gratis posind posindonesia",""
"1.8620401267021E+018","Kepala Badan Gizi Nasional Dadan Hindayana menegaskan program makan bergizi gratis (MBG) dipatok Rp 15.000 per anak dalam Anggaran Pendapatan dan Belanja Negara (APBN). Akan tetapi implementasinya, akan disesuaikan dengan kondisi harga bahan makanan di daerah masing-masing. https://t.co/MUXZLtKert","kepala badan gizi nasional dadan hindayana menegaskan program makan bergizi gratis mbg dipatok rp per anak dalam anggaran pendapatan dan belanja negara apbn akan tetapi implementasinya akan disesuaikan dengan kondisi harga bahan makanan di daerah masingmasing",""
"1.86272150335754E+018","Dengan PPN 12% Makan Bergizi Rp10.000 dapat apa Pak?
Jatah makanan Tahanan di lapas saja Rp. 40.000 perhari. 

Bukan Rp15.000, Anggaran Makan Bergizi Gratis Dipangkas Jadi Rp10.000 https://t.co/6PVmj0rIi4","dengan ppn makan bergizi rp dapat apa pak jatah makanan tahanan di lapas saja rp perhari bukan rp anggaran makan bergizi gratis dipangkas jadi rp",""
"1.86249062306622E+018","7500, 15.000, 10.000, suk emben mangewon..
Prabowo Ungkap Anggaran Makan Bergizi Gratis Jadi Rp 10.000 per Porsi
https://t.co/SENHWvT8ZJ.","suka emben mangewon prabowo ungkap anggaran makan bergizi gratis jadi rp per porsi",""
"1.86289485021305E+018","Program Makan Bergizi Gratis: Ayo Lawan Pemborosan Makanan! Inisiatif Hebat Ini Bisa Dicoba

 https://t.co/eT1M8DC4oX","program makan bergizi gratis ayo lawan pemborosan makanan inisiatif hebat ini bisa dicoba",""
"1.86282728721075E+018","Prabowo Potong Anggaran Makan Bergizi Gratis Dari Rp15.000 Jadi Rp10.000 Per Anak

""Kita ingin Rp15.000 tapi kondisi anggaran mungkin Rp10 ribu saja,"" kata Presiden Prabowo Subianto

https://t.co/o7yTyDfnMs","prabowo potong anggaran makan bergizi gratis dari rp jadi rp per anak kita ingin rp tapi kondisi anggaran mungkin rp ribu saja kata presiden prabowo subianto",""
"1.86246300404414E+018","Presiden Prabowo ungkapkan anggaran untuk program makan bergizi gratis, begini penjelasannya

#presidenprabowo #prabowosubianto #pemerintah #indonesiamaju #indonesiaemas #dekade08 https://t.co/oRwSed6Yf8","presiden prabowo ungkapkan anggaran untuk program makan bergizi gratis begini penjelasannya presidenprabowo prabowosubianto pemerintah indonesiamaju indonesiaemas dekade",""
"1.86236519501815E+018","Jumat(29/11/2024) Kantor Imigrasi Baubau melakukan kegiatan Bakti Sosial Berbagi Makanan Bergizi Gratis. 
Kementerian Imigrasi dan Pemasyarakatan melaksanakan Bakti Sosial Berbagi Makanan Bergizi Gratis dalam rangka mendukung program pemerintah khususnya makan bergizi gratis. https://t.co/3wcKbN249Q","jumat kantor imigrasi baubau melakukan kegiatan bakti sosial berbagi makanan bergizi gratis kementerian imigrasi dan pemasyarakatan melaksanakan bakti sosial berbagi makanan bergizi gratis dalam rangka mendukung program pemerintah khususnya makan bergizi gratis",""
"1.86278832117844E+018","Tia Ayu Anggraini Sarankan Program Makan Bergizi Gratis Libatkan UMKM Rumahan https://t.co/FatRdbFo7I","tia ayu anggraini sarankan program makan bergizi gratis libatkan umkm rumahan",""
"1.86286162795741E+018","Pemerintah: Makan Bergizi Gratis Rp10 Ribu Sudah Uji Coba Setahun

Pernah berkunjung ke salah satu pilot proyek di SDN Selaawi, Desa Ciburayut, Cigombong, Bogor. Rp 10 ribu/porsi
 https://t.co/mOMGTIvquz lewat @idntimes","pemerintah makan bergizi gratis rp ribu sudah uji coba setahun pernah berkunjung ke salah satu pilot proyek di sdn selaawi desa ciburayut cigombong bogor rp ribuporsi lewat",""
"1.86268569699942E+018","Alasan Prabowo Pangkas Anggaran Makan Bergizi Gratis Jadi Rp10.000 per Hari
https://t.co/wrESTyzytN","alasan prabowo pangkas anggaran makan bergizi gratis jadi rp per hari",""
"1.86286768364729E+018","Makan Bergizi Gratis Batal Dianggarkan Rp15 Ribu, Kini Turun Jadi Rp10 Ribu 

Selengkapnya &gt;&gt;&gt; https://t.co/M7O85DneWA  

https://t.co/FAwqTFRjtM","makan bergizi gratis batal dianggarkan rp ribu kini turun jadi rp ribu selengkapnya gtgtgt",""
"1.86277251252373E+018","PKB Minta Prabowo Libatkan Perempuan di Program Makan Bergizi Gratis https://t.co/3S13521Pv8","pkb minta prabowo libatkan perempuan di program makan bergizi gratis",""
"1.86279795978997E+018","UTANGANNYA KURANG YA...

PRESIDEN, ANGGARAN TERBATAS MAKAN BERGIZI GRATIS DI TURUNKAN DARI RP. 15.000 MENJADI RP. 10.000....â¼ï¸

#MendesakGantiKapolri 
#MendesakGantiKapolri
ðð

https://t.co/CX2TLTB6q8","utangannya kurang ya presiden anggaran terbatas makan bergizi gratis di turunkan dari rp menjadi rp mendesakgantikapolri mendesakgantikapolri",""
"1.86253179610331E+018","Anggaran Makan Bergizi Gratis, Presiden Tetapkan Rp10 Ribu Tiap Anak Per hari 

https://t.co/asgANmCwyU https://t.co/hmn0zTxxs7","anggaran makan bergizi gratis presiden tetapkan rp ribu tiap anak per hari",""
"1.86266956965738E+018","Berapa rupiah biaya yg disediakan utk menyediakan makan senilai 10 rb.

All in ?  
Provit pihak penyedia ?
Program hanya setahun saja ?

Prabowo Ungkap Anggaran Makan Bergizi Gratis Jadi Rp 10 Ribu per Anak, Sebelumnya Ingin Rp 15 Ribu
 
https://t.co/9eDgvaLRYP lewat @tribunnews","berapa rupiah biaya yang disediakan untuk menyediakan makan senilai ribu all ini provit pihak penyedia program hanya setahun saja prabowo ungkap anggaran makan bergizi gratis jadi rp ribu per anak sebelumnya ingin rp ribu lewat",""
"1.86271299078269E+018","Uji Coba Makan Bergizi Gratis di Kota Tangerang Resmi Berakhir, 2025 Siap Direalisasikan https://t.co/0bRDsHSaND via @Indopolitika","uji coba makan bergizi gratis di kota tangerang resmi berakhir siap direalisasikan via",""
"1.86265648884375E+018","Badan Gizi Nasional Sebut Program Makan Bergizi Gratis Butuh 50 Tenaga Kerja di Setiap Satuan Pelayanan
Pemerintah akan membentuk satuan pelayanan gizi di seluruh Indonesia untuk mendukung program makan bergizi gratis

Agus Wulan Guritno Bahlil 
Pertamax #jakartabo Nasi https://t.co/BhYLYGzcnY","badan gizi nasional sebut program makan bergizi gratis butuh tenaga kerja di setiap satuan pelayanan pemerintah akan membentuk satuan pelayanan gizi di seluruh indonesia untuk mendukung program makan bergizi gratis agus wulan guritno bahlil pertamax jakartabo nasi",""
"1.86287312822719E+018","Hasil uji coba makan gratis !

7 Siswa di Nganjuk Keracunan usai Santap Menu Program Makan Bergizi Gratis
https://t.co/jccXwUo3sM","hasil uji coba makan gratis siswa di nganjuk keracunan usai santap menu program makan bergizi gratis",""
"1.86282650759846E+018","Uji Coba Program Makan Bergizi Gratis Rp10 Ribu Dijalankan di Beberapa Daerah https://t.co/TvJrQ9ajx2","uji coba program makan bergizi gratis rp ribu dijalankan di beberapa daerah",""
"1.86235519914447E+018","NFA bersama @OmbudsmanRI137, KPUN, dan JAPFA dorong pengembangan ekosistem perunggasan untuk mendukung penguatan cadangan pangan pemerintah dan program Makan Bergizi Gratis dalam Ceremonial 45.000 Chick-in di Sekolah Vokasi @ipbofficial Sukabumi.

#Telur #Ayam #MBG https://t.co/qRBuLqA6Y5","nfa bersama kpun dan japfa dorong pengembangan ekosistem perunggasan untuk mendukung penguatan cadangan pangan pemerintah dan program makan bergizi gratis dalam ceremonial chickin di sekolah vokasi sukabumi telur ayam mbg",""
"1.86265555832482E+018","Program Makan Bergizi Gratis yang di canangkan Presiden Prabowo adalah upaya untuk meningkatkan kualitas hidup anak2 Indonesia agar bisa belajar lebih optimal saat memasuki usia sekolah. 

Agus Wulan Guritno Bahlil 
Pertamax #jakartabo Nasi https://t.co/y6hvP9JzXw","program makan bergizi gratis yang di canangkan presiden prabowo adalah upaya untuk meningkatkan kualitas hidup anak indonesia agar bisa belajar lebih optimal saat memasuki usia sekolah agus wulan guritno bahlil pertamax jakartabo nasi",""
"1.86165267780723E+018","Menteri Kehutanan Sinergikan Perhutanan Sosial untuk Makan Bergizi Gratis https://t.co/JBtt2W0QWM","menteri kehutanan sinergikan perhutanan sosial untuk makan bergizi gratis",""
"1.85884246575667E+018","Plt Deputi III Kemenko PMK @kemenkopmk Nunung Nuryartono menyampaikan setiap Kementerian dan Lembaga perlu menyelaraskan program-program yang dimiliki dengan program MBG, agar intervensi program dapat dioptimalkan.","plt deputi i kemenko pmk nunung nuryartono menyampaikan setiap kementerian dan lembaga perlu menyelaraskan programprogram yang dimiliki dengan program mbg agar intervensi program dapat dioptimalkan",""
"1.86099315180636E+018","KKP Gencarkan Pentingnya Gemar Makan Ikan ke Pelajar Dukung Program MBG https://t.co/h7oiO7BQvX https://t.co/6kZrwOT0mg","kkp gencarkan pentingnya gemar makan ikan ke pelajar dukung program mbg",""
"1.85841452079405E+018","Dukung Program MBG, Muhammadiyah: Mayoritas anak Indonesia masih lemah gizi 

#umkm #mbg #muhammadiyah #gizi #stunting
https://t.co/SoJBCY3Tcx","dukung program mbg muhammadiyah mayoritas anak indonesia masih lemah gizi umkm mbak muhammadiyah gizi stunting",""
"1.85739417917922E+018","Menkop: Program MBG Jadi Peluang GKSI Tingkatkan Pemasaran Susu Segar https://t.co/31UDk6gv6C #Menkop #program #mbg","menkop program mbg jadi peluang gksi tingkatkan pemasaran susu segar menkop program mbak",""
"1.85886069681524E+018","Pemprov DKI Kembali Uji Coba Program Makan Bergizi Gratis di 11 Sekolah 
@DKIJakarta @gibran_tweet @prabowo

#MBG #PemprovDKIJakarta #PHGubernurJakarta #TeguhStyabudi
https://t.co/iJhTjtcztK","pemprov dki kembali uji coba program makan bergizi gratis di sekolah mbg pemprovdkijakarta phgubernurjakarta teguhstyabudi",""
"1.86240708424104E+018","Sebagai apresiasi, Wakil Kepala Staf Kepresidenan juga membagikan suvenir kepada siswa yang berhasil menjawab pertanyaan yang diajukan. Terlihat semangat dan keceriaan di antara para siswa.

#KSP
#KantorStafPresiden
#MBG
#MakanBergiziGratis","sebagai apresiasi wakil kepala staf kepresidenan juga membagikan suvenir kepada siswa yang berhasil menjawab pertanyaan yang diajukan terlihat semangat dan keceriaan di antara para siswa ksp kantorstafpresiden mbg makanbergizigratis",""
"1.86106186166558E+018","Pada hari Senin, tanggal 25 November 2024 Loka POM di Kabupaten Belitung Berpartisipasi dalam pelaksanaan Program Makanan Bergizi Gratis (MBG) di Kabupaten Belitung Timur

#LokaPOMBelitung
#MBG
#BPOMRI https://t.co/tjgZ61myFD","pada hari senin tanggal november loka pom di kabupaten belitung berpartisipasi dalam pelaksanaan program makanan bergizi gratis mbg di kabupaten belitung timur lokapombelitung mbg bpomri",""
"1.86140205945262E+018","BKSAP DPR: Kualitas Pangan dan Gizi Jadi Kunci Utama Ciptakan SDM Unggul 
@bksapdpr 

https://t.co/TJv6U6uhXA 
#mbg #dpr #bksap #sdm #bramantyosuwondo","bksap dpr kualitas pangan dan gizi jadi kunci utama ciptakan sdm unggul mbak dpr bksap sdm bramantyosuwondo",""
"1.85851301282887E+018","Program makan bergizi gratis penuhi kebutuhan gizi masyarakat 

#mbg #makanbergizigratis #makanbergizi #sehat #makan #programprabowogibran #prioritaspresiden #kesehatanmasyarakat #hidupsehat https://t.co/tzIxEVDYrm","program makan bergizi gratis penuhi kebutuhan gizi masyarakat mbak makanbergizigratis makanbergizi sehat makan programprabowogibran prioritaspresiden kesehatanmasyarakat hidupsehat",""
"1.85851324141429E+018","Dukung Pemerintah dalam menyukseskan program makan bergizi gratis 

#mbg #makanbergizigratis #makanbergizi #sehat #makan #programprabowogibran #prioritaspresiden #kesehatanmasyarakat #hidupsehat #pemerintah https://t.co/qeBJDq2WwD","dukung pemerintah dalam menyukseskan program makan bergizi gratis mbak makanbergizigratis makanbergizi sehat makan programprabowogibran prioritaspresiden kesehatanmasyarakat hidupsehat pemerintah",""
"1.86035200683111E+018","DPRD Kaltara Peringatkan Potensi Kekurangan Bahan Baku, Program Makan Bergizi Gratis
 
#ProgramMakanBergiziGratis #MBG #KalimantanUtara #DPRDKaltara #DPRD #PemerintahDaerah #Pangan #BahanBaku #Kaltara

https://t.co/1vcVAQtaDs via @tribunnews","dprd kaltara peringatkan potensi kekurangan bahan baku program makan bergizi gratis programmakanbergizigratis mbg kalimantanutara dprdkaltara dprd pemerintahdaerah pangan bahanbaku kaltara via",""
"1.86280904778072E+018","Pemerintah menetapkan anggaran Rp10.000 per hari untuk program Makan Bergizi Gratis (MBG) bagi anak-anak dan ibu hamil. 

#ProgramMakanBergizi #MBG #PresidenPrabowo #IndonesiaSehat  #AyobacaNews
https://t.co/JZzTsutQIW","pemerintah menetapkan anggaran rp per hari untuk program makan bergizi gratis mbg bagi anakanak dan ibu hamil programmakanbergizi mbg presidenprabowo indonesiasehat ayobacanews",""
"1.85905399954847E+018","DPRD Kaltara Dukung Makan Bergizi Gratis: Mekanisme Penganggaran Akan Kerjasama Dengan Pemprov

#ProgramMakanBergiziGratis #MBG #PrabowoSubianto #Prabowo #DewanPerwakilanRakyatDaerah #DPRD #DPRDKaltara #KalimantanUtara #Kaltara #Legislatif

https://t.co/ls8ONGq8Kf via @tribunnews","dprd kaltara dukung makan bergizi gratis mekanisme penganggaran akan kerjasama dengan pemprov programmakanbergizigratis mbg prabowosubianto prabowo dewanperwakilanrakyatdaerah dprd dprdkaltara kalimantanutara kaltara legislatif via",""
"1.85883950620157E+018","""Saya percaya pendidikan akan membawa kita keluar dari kemiskinan. Program makanan gratis untuk anak-anak juga menjadi bagian dari strategi kami untuk memastikan generasi muda mendapatkan manfaat pendidikan,"" kata @Prabowo.

#MakanBergiziGratis 

https://t.co/8J8myPdonl","saya percaya pendidikan akan membawa kita keluar dari kemiskinan program makanan gratis untuk anakanak juga menjadi bagian dari strategi kami untuk memastikan generasi muda mendapatkan manfaat pendidikan kata makanbergizigratis",""
"1.86220501044636E+018","Menteri Erick mengarahkan 8 BUMN untuk mendukung visi Presiden Prabowo dalam mewujudkan generasi unggul yang sehat dan berdaya saing. ð¤â¨

#BUMNuntukIndonesia #MakanBergiziGratis #IndonesiaSehat #PLN #PLNUntukIndonesia #AcceleratingRenewableEnergy https://t.co/0Xs5Pe5XAW","menteri erick mengarahkan bumn untuk mendukung visi presiden prabowo dalam mewujudkan generasi unggul yang sehat dan berdaya saing bumnuntukindonesia makanbergizigratis indonesiasehat pln plnuntukindonesia acceleratingrenewableenergy",""
"1.85881211983723E+018","Provinsi Lampung memiliki kecukupan produksi komoditas peternakan yang potensial untuk mendukung program makan bergizi gratis di sekolah dan pesantren serta bantuan gizi untuk anak balita serta ibu hamil.

#lampung #ibuhamil #makanbergizigratis 
https://t.co/rLVyzbtVFR","provinsi lampung memiliki kecukupan produksi komoditas peternakan yang potensial untuk mendukung program makan bergizi gratis di sekolah dan pesantren serta bantuan gizi untuk anak balita serta ibu hamil lampung ibuhamil makanbergizigratis",""
"1.85872029390232E+018","Wakil Presiden Gibran Rakabuming Raka meninjau progam makan bergizi gratis di dua sekolah di kawasan Slipi, Jakarta Barat, Selasa (19/11/2024).

&lt; #GibranRakabuming #MakanBergiziGratis

https://t.co/SYYKuyHGuV","wakil presiden gibran rakabuming raka meninjau progam makan bergizi gratis di dua sekolah di kawasan slipi jakarta barat selasa lantai gibranrakabuming makanbergizigratis",""
"1.86130865294003E+018","Menteri Kehutanan Raja Juli Antoni berkoordinasi dengan Kepala Badan Gizi Nasional Dadan Hindayana terkait visi Presiden Prabowo Subianto tentang swasembada pangan dan makan bergizi gratis.

~N #MenteriKehutanan #PerhutananSosial #MakanBergiziGratis
https://t.co/Z0OLFtEmqO","menteri kehutanan raja juli antoni berkoordinasi dengan kepala badan gizi nasional dadan hindayana terkait visi presiden prabowo subianto tentang swasembada pangan dan makan bergizi gratis n menterikehutanan perhutanansosial makanbergizigratis",""
"1.85843603778739E+018","Wakil Menteri Dalam Negeri RI, Ribka Haluk turut memberikan sosialisasi program Makan Bergizi Gratis di Kabupaten Jawawijaya, Papua Pegunungan, Senin (18/11/2024). //MR

#Wamendagri #RibkaHaluk #MakanBergiziGratis #Papua 
https://t.co/hMQrVjKIM2","wakil menteri dalam negeri ri ribka haluk turut memberikan sosialisasi program makan bergizi gratis di kabupaten jawawijaya papua pegunungan senin mr wamendagri ribkahaluk makanbergizigratis papua",""
"1.86178275189008E+018","LKPP juga ikut bantu sukseskan MBGð

#LKPP #MakanBergiziGratis #IndonesiaEmas2045 #makangratis #bergizigratis #prabowo #gibran https://t.co/yJ5ObX8ig6","lkpp juga ikut bantu sukseskan mbg lkpp makanbergizigratis indonesiaemas makangratis bergizigratis prabowo gibran",""
"1.85980268126481E+018","tercapainya harapan pemerintah jika kita dukung penuh #MakanBergiziGratis https://t.co/mIBsBDMzvc","tercapainya harapan pemerintah jika kita dukung penuh makanbergizigratis",""
"1.85847661404618E+018","Presiden RI Prabowo Subianto menyatakan keinginannya untuk mempelajari kesuksesan Brasil dalam menjalankan program pemberian makan bergizi gratis kepada para pelajar di negara itu.

#presidenprabowo #makanbergizigratis #brasil
https://t.co/jMJowPFv5A","presiden ri prabowo subianto menyatakan keinginannya untuk mempelajari kesuksesan brasil dalam menjalankan program pemberian makan bergizi gratis kepada para pelajar di negara itu presidenprabowo makanbergizigratis brasil",""
"1.85744881062631E+018","Program makan bergizi gratis meningkatkan kesehatan generasi penerus bangsa. #MakanBergiziGratis #MakanSiangGratis #MakanGratis https://t.co/dgcrbFN1VI","program makan bergizi gratis meningkatkan kesehatan generasi penerus bangsa makanbergizigratis makansianggratis makangratis",""
"1.85905550145745E+018","Pj Gubernur Teguh Dukung Penyediaan Makanan Berkualitas bagi Pelajar 
@gibran_tweet

https://t.co/aOwafQkg4g 
#jakarta #makanbergizigratis https://t.co/Or2lApt3xr","pj gubernur teguh dukung penyediaan makanan berkualitas bagi pelajar jakarta makanbergizigratis",""
"1.86242713850023E+018","Kemenperin: Sektor Industri Respons Positif Program MBG dan Hilirisasi 
@Kemenperin_RI @prabowo 

https://t.co/I1jhQltHya 
#kemenperin #industri #makanbergizigratis #hilirisasi #pemerintahanprabowo https://t.co/gO4VY9S3h0","kemenperin sektor industri respons positif program mbg dan hilirisasi kemenperin industri makanbergizigratis hilirisasi pemerintahanprabowo",""
"1.86119875958317E+018","Program Makan Bergizi Gratis merupakan solusi penurunan angka stunting nasional. #makansianggratis #IndonesiaEmas #makanbergizigratis https://t.co/Xa5EkRCywk","program makan bergizi gratis merupakan solusi penurunan angka stunting nasional makansianggratis indonesiaemas makanbergizigratis",""
"1.86208454148742E+018","Beliau juga turut membagikan makanan kepada siswa dan berinteraksi hangat dengan mereka saat menikmati hidangan bergizi yang telah disiapkan.

@pco_ri

#KSP
#KantorStafPresiden
#MakanBergiziGratis
#MBG","beliau juga turut membagikan makanan kepada siswa dan berinteraksi hangat dengan mereka saat menikmati hidangan bergizi yang telah disiapkan ksp kantorstafpresiden makanbergizigratis mbg",""
"1.86274712581956E+018","Dengan Rp10.000 per anak, kita wujudkan generasi sehat dan bergizi! Langkah kecil ini untuk masa depan besar. ð²ðª #IndonesiaEmas #PresidenPrabowo #MakanBergiziGratis #bergizigratis #cegahstunting https://t.co/k32xDXc96V","dengan rp per anak kita wujudkan generasi sehat dan bergizi langkah kecil ini untuk masa depan besar indonesiaemas presidenprabowo makanbergizigratis bergizigratis cegahstunting",""
"1.86285071971358E+018","Program makan bergizi gratis, solusi nyata untuk keluarga Indonesia! Ayo dukung langkah bersama ini. ð¤â¨

#IndonesiaEmas #PresidenPrabowo #MakanBergiziGratis #bergizigratis #cegahstunting https://t.co/jNx9btC3cl","program makan bergizi gratis solusi nyata untuk keluarga indonesia ayo dukung langkah bersama ini indonesiaemas presidenprabowo makanbergizigratis bergizigratis cegahstunting",""
"1.86030879626822E+018","Kolaborasi makan gratis menuju Indonesia maju ð±

#makanbergizigratis #makangratis #indonesiaemas #mbg #prabowo https://t.co/iuZTkRTjx3","kolaborasi makan gratis menuju indonesia maju makanbergizigratis makangratis indonesiaemas mbak prabowo",""
"1.85957664325121E+018","Menu yang disajikan:
ð´ Bandeng tanpa duri
ð´ Capcay bakso ikan
ð´ Amplang ikan

Kegiatan ini mengenalkan pangan biru sebagai sumber protein berkualitas sekaligus mendukung Program Makan Bergizi Presiden &amp; Wapres.
#2024KKPBeyond
#HariIkanNasional
#MakanBergiziGratis https://t.co/h1BBB6T9zW","menu yang disajikan bandeng tanpa duri capcay bakso ikan amplang ikan kegiatan ini mengenalkan pangan biru sebagai sumber protein berkualitas sekaligus mendukung program makan bergizi presiden amp wapres kkpbeyond hariikannasional makanbergizigratis",""
"1.86009896056176E+018","Siswa diajak membawa peralatan makan pakai ulang dari rumah untuk mengurangi sampah plastik. Tim juga menyediakan fasilitas air bersih untuk mencuci peralatan makan dan mencuci tangan, memastikan kebersihan terjaga.
 #SailBeyondWithBlueEconomy
#2024KKPBeyond
#MakanBergiziGratis https://t.co/ozgy51ODmJ","siswa diajak membawa peralatan makan pakai ulang dari rumah untuk mengurangi sampah plastik tim juga menyediakan fasilitas air bersih untuk mencuci peralatan makan dan mencuci tangan memastikan kebersihan terjaga sailbeyondwithblueeconomy kkpbeyond makanbergizigratis",""
"1.85998408207714E+018","Rangkaian Dies Natalis dan Program #makanbergizigratis Menu Ikan, #politeknikkpsidoarjo mengadakan #ombamewarnai dan makan bergizi untuk anak-anak TK se-Kecamatan Panekan  Magetan
https://t.co/l8tVUHwAJo

#diesnatalis25politeknikkpsidoarjo
#inovasitanpabatas

#ketahananpangan https://t.co/tkdnu72m1O","rangkaian dies natalis dan program makanbergizigratis menu ikan politeknikkpsidoarjo mengadakan ombamewarnai dan makan bergizi untuk anakanak tk sekecamatan panekan magetan diesnatalispoliteknikkpsidoarjo inovasitanpabatas ketahananpangan",""
"1.86028405695471E+018","Terjawab Kapan Program Makan Bergizi Gratis Dimulai, Besaran Anggaran dan Sasaran Penerima di 2025
 
https://t.co/M1C35g7BYx lewat @tribunnews #makanbergizigratis #prabowogibran #prabowo","terjawab kapan program makan bergizi gratis dimulai besaran anggaran dan sasaran penerima di lewat makanbergizigratis prabowogibran prabowo",""
"1.86119873909402E+018","Program Makan Bergizi Gratis merupakan solusi penurunan angka stunting nasional. #makansianggratis #IndonesiaEmas #makanbergizigratis https://t.co/QTwqOwLCCB","program makan bergizi gratis merupakan solusi penurunan angka stunting nasional makansianggratis indonesiaemas makanbergizigratis",""
"1.8628503959803E+018","Program makan bergizi gratis, solusi nyata untuk keluarga Indonesia! Ayo dukung langkah bersama ini. ð¤â¨

#IndonesiaEmas #PresidenPrabowo #MakanBergiziGratis #bergizigratis #cegahstunting https://t.co/rgndIiis9S","program makan bergizi gratis solusi nyata untuk keluarga indonesia ayo dukung langkah bersama ini indonesiaemas presidenprabowo makanbergizigratis bergizigratis cegahstunting",""
"1.86285913851215E+018","Soal Anggaran Makan Bergizi Rp 10.000 per Porsi, Istana: Sudah Dilakukan Uji Coba https://t.co/tKfd3jZKMt #MakanBergiziGratis","soal anggaran makan bergizi rp per porsi istana sudah dilakukan uji coba makanbergizigratis",""
"1.85744879061108E+018","Program makan bergizi gratis meningkatkan kesehatan generasi penerus bangsa. #MakanBergiziGratis #MakanSiangGratis #MakanGratis https://t.co/eMlJgX3zhW","program makan bergizi gratis meningkatkan kesehatan generasi penerus bangsa makanbergizigratis makansianggratis makangratis",""
"1.85992316916514E+018","Mari bersama bekolaborasi sukseskan program makan bergizi gratis.

#MakanBergiziGratis
#AstaCita
#CegahStunting
#IndonesiaEmas https://t.co/1ZFC4Brlln","mari bersama bekolaborasi sukseskan program makan bergizi gratis makanbergizigratis astacita cegahstunting indonesiaemas",""
"1.8620751898631E+018","Program Makan Bergizi Gratis hadir untuk memastikan setiap anak Indonesia tumbuh sehat dan bebas dari stunting. ðð¾ #IndonesiaEmas #PresidenPrabowo #MakanBergiziGratis #CegahStunting https://t.co/keEjR2pVbH","program makan bergizi gratis hadir untuk memastikan setiap anak indonesia tumbuh sehat dan bebas dari stunting indonesiaemas presidenprabowo makanbergizigratis cegahstunting",""
"1.86212900750191E+018","tiba2 ngobrol sama mama, masalah kantin sekolah ð katanya ""kalau makan gratis berlaku, sepi kantin mama"" @Gerindra  WKWKWKWK spill dong kira2 sdm kantin sekolah mau digimanain? Diliat2 di media massa, trial makan gratis nya dari catering ga sih ð¤¨ #MakanBergiziGratis","tiba mengobrol sama mama masalah kantin sekolah katanya kalau makan gratis berlaku sepi kantin mama wkwkwkwk spill dong kira sdm kantin sekolah mau digimanain diliat di media massa trial makan gratis nya dari catering enggak sih makanbergizigratis",""
"1.85837396730178E+018","Yuk sedulur, jangan lupa nonton siarannya ya, dan dapatkan informasi menarik seputar program makan gratis! ð

#makanbergizigratis
#programmakangratisuntukpelajar
#KominfoDIY
#JITV
#HarianJogja
#JogjaIstimewa","yuk sedulur jangan lupa menonton siarannya ya dan dapatkan informasi menarik seputar program makan gratis makanbergizigratis programmakangratisuntukpelajar kominfodiy jitv harianjogja jogjaistimewa",""
"1.86128311365105E+018","Pemprov Bali bersama Pemkab Buleleng memulai uji coba Program Prioritas Nasional Makan Bergizi Gratis (MBG) yang akan diterapkan penuh pada Januari 2025.

#PemprovBali #PemkabBuleleng #MakanBergiziGratis 

https://t.co/X9AMPVqmOu","pemprov bali bersama pemkab buleleng memulai uji coba program prioritas nasional makan bergizi gratis mbg yang akan diterapkan penuh pada januari pemprovbali pemkabbuleleng makanbergizigratis",""
"1.86202605333166E+018","Program Makan Bergizi Gratis akan mulai dilaksanakan pada Januari 2025, dengan cakupan 82,9 juta penerima, termasuk anak sekolah, ibu hamil, ibu menyusui, dan balita. #MakanBergiziGratis #IndonesiaEmas2045 #SwasembadaPangan https://t.co/sRteE63WTc","program makan bergizi gratis akan mulai dilaksanakan pada januari dengan cakupan juta penerima termasuk anak sekolah ibu hamil ibu menyusui dan balita makanbergizigratis indonesiaemas swasembadapangan",""
"1.85842568170276E+018","Makan bergizi gratis, untuk Indonesia sejahtera ð±ðð®ð©

#makanbergizigratis #cegahstunting #makansianggratis https://t.co/4OAecmDkTt","makan bergizi gratis untuk indonesia sejahtera makanbergizigratis cegahstunting makansianggratis",""
"1.86202605660734E+018","Pemerintahan Presiden Prabowo Subianto memperkenalkan program makan bergizi sebagai langkah strategis untuk memenuhi kebutuhan gizi masyarakat. Ini adalah peluang besar untuk menciptakan generasi yang lebih sehat. #MakanBergiziGratis #IndonesiaEmas2045 #SwasembadaPangan https://t.co/8Sz89JUeZm","pemerintahan presiden prabowo subianto memperkenalkan program makan bergizi sebagai langkah strategis untuk memenuhi kebutuhan gizi masyarakat ini adalah peluang besar untuk menciptakan generasi yang lebih sehat makanbergizigratis indonesiaemas swasembadapangan",""
"1.8603087260556E+018","Kolaborasi makan gratis menuju Indonesia maju ð±

#makanbergizigratis #makangratis #indonesiaemas #mbg #prabowo https://t.co/nhxCMusP89","kolaborasi makan gratis menuju indonesia maju makanbergizigratis makangratis indonesiaemas mbak prabowo",""
"1.85992312066218E+018","Mari bersama bekolaborasi sukseskan program makan bergizi gratis.

#MakanBergiziGratis
#AstaCita
#CegahStunting
#IndonesiaEmas https://t.co/gQk5np9Rmg","mari bersama bekolaborasi sukseskan program makan bergizi gratis makanbergizigratis astacita cegahstunting indonesiaemas",""
"1.86067559553506E+018","Makan Bergizi Gratis merupakan investasi besar bangsa Indonesia yang bisa meningkatkan perekonomian dan pengembangan sumber daya manusia Indonesia

#makangratis #makanbergizigratis #programprabowogibran https://t.co/f5BihVvbBi","makan bergizi gratis merupakan investasi besar bangsa indonesia yang bisa meningkatkan perekonomian dan pengembangan sumber daya manusia indonesia makangratis makanbergizigratis programprabowogibran",""
"1.85978685790473E+018","Para generasi emas, ayo makan ikan! Untuk Indonesia Emas 2045
#MakanBergiziGratis 
#indonesiaemas2045 
#AnakSekolah 

https://t.co/Vd6z851NWo","para generasi emas ayo makan ikan untuk indonesia emas makanbergizigratis indonesiaemas anaksekolah",""
"1.85876560858386E+018","Jawa Timur Siapkan Anggaran Untuk Program Makan Bergizi Gratis, program unggulan Presiden Prabowo Subianto yakni Makan Bergizi Gratis (MBG) bakal dilaksanakan mulai 2 Januari 2025 #IndonesiaEmas #IndonesiaMaju #MakanBergiziGratis #SDMIndonesia #PrabowoMerakyat https://t.co/GuGJxIQDLv","jawa timur siapkan anggaran untuk program makan bergizi gratis program unggulan presiden prabowo subianto yakni makan bergizi gratis mbg bakal dilaksanakan mulai januari indonesiaemas indonesiamaju makanbergizigratis sdmindonesia prabowomerakyat",""
"1.85735016832631E+018","Indonesia Tidak Berutang ke China dalam Program Makan Bergizi Gratis!! Program MBG sebagian besar dibiayai melalui APBN. Anggaran ini dialokasikan untuk meningkatkan kesejahteraan rakyat, terutama dalam hal kesehatan dan pendidikan #stophoaks #hoax #makanbergizigratis #prabowo https://t.co/xO1GMDYHcM","indonesia tidak berutang ke china dalam program makan bergizi gratis program mbg sebagian besar dibiayai melalui apbn anggaran ini dialokasikan untuk meningkatkan kesejahteraan rakyat terutama dalam hal kesehatan dan pendidikan stophoaks hoax makanbergizigratis prabowo",""
"1.86202605034948E+018","Program Makan Bergizi Gratis yang diinisiasi oleh Presiden Prabowo Subianto adalah langkah penting dalam menciptakan generasi SDM yang unggul dan berdaya saing tinggi. #MakanBergiziGratis #IndonesiaEmas2045 #SwasembadaPangan https://t.co/S0QmXeIJwu","program makan bergizi gratis yang diinisiasi oleh presiden prabowo subianto adalah langkah penting dalam menciptakan generasi sdm yang unggul dan berdaya saing tinggi makanbergizigratis indonesiaemas swasembadapangan",""
"1.85842563444134E+018","Makan bergizi gratis, untuk Indonesia sejahtera ð±ðð®ð©

#makanbergizigratis #cegahstunting #makansianggratis https://t.co/RnG5svJULr","makan bergizi gratis untuk indonesia sejahtera makanbergizigratis cegahstunting makansianggratis",""
"1.86207492183443E+018","19 juta penerima manfaat, kolaborasi nasional, dan komitmen untuk generasi sehat. Inilah wujud nyata Program Makan Bergizi Gratis! ð¾ð #IndonesiaEmas #PresidenPrabowo #MakanBergiziGratis #CegahStunting https://t.co/GsfccAn94U","juta penerima manfaat kolaborasi nasional dan komitmen untuk generasi sehat inilah wujud nyata program makan bergizi gratis indonesiaemas presidenprabowo makanbergizigratis cegahstunting",""
"1.86220500119792E+018","Menteri Erick mengarahkan 8 BUMN untuk mendukung visi Presiden Prabowo dalam mewujudkan generasi unggul yang sehat dan berdaya saing. ð¤â¨

#BUMNuntukIndonesia #MakanBergiziGratis #IndonesiaSehat #PLN #PLNUntukIndonesia #AcceleratingRenewableEnergy https://t.co/bJ2XIViZS3","menteri erick mengarahkan bumn untuk mendukung visi presiden prabowo dalam mewujudkan generasi unggul yang sehat dan berdaya saing bumnuntukindonesia makanbergizigratis indonesiasehat pln plnuntukindonesia acceleratingrenewableenergy",""
"1.8623862826994E+018","Program Makan Bergizi Gratis yang diinisiasi oleh Presiden Prabowo Subianto adalah langkah penting dalam menciptakan generasi SDM yang unggul dan berdaya saing tinggi. #MakanBergiziGratis #IndonesiaEmas2045 #SwasembadaPangan","program makan bergizi gratis yang diinisiasi oleh presiden prabowo subianto adalah langkah penting dalam menciptakan generasi sdm yang unggul dan berdaya saing tinggi makanbergizigratis indonesiaemas swasembadapangan",""
"1.85979849080268E+018","Momen Hari Ikan Nasional, KKP Gelar Makan Bergizi Gratis, Libatkan 1.040 Siswa SMPN 1 Tarakan
 
#MakanBergiziGratis #HariIkanNasional #SMPN1Tarakan #KementerianKelautandanPerikanan #MBG #Tarakan #KalimantanUtara #Ikan #Kaltara

https://t.co/leeCRRGFlI via @tribunnews","momen hari ikan nasional kkp gelar makan bergizi gratis libatkan siswa smpn tarakan makanbergizigratis hariikannasional smpntarakan kementeriankelautandanperikanan mbg tarakan kalimantanutara ikan kaltara via",""
"1.8595625325641E+018","Ironis Kejadian Ketika Pemerintah Ingin Siswa Nikmati Makan Bergizi di Sekolah, Dua Anak Ini Justru Pikirkan Keluarganya yang Kelaparan di Rumah

#ironi #makanbergizigratis #gibran #kelaparan #anaksekolah #programMBG 
#strategiid
 https://t.co/RyBtORGrie","ironis kejadian ketika pemerintah ingin siswa nikmati makan bergizi di sekolah dua anak ini justru pikirkan keluarganya yang kelaparan di rumah ironi makanbergizigratis gibran kelaparan anaksekolah programmbg strategiid",""
"1.85995928825457E+018","Hari ini saya mendampingi Mas Wapres @gibran_tweet  melakukan pengawasan uji coba makan bergizi gratis di SMKN 7 Semarang . Anak-anak terlihat antusias dengan menu makanan yang diberikan,Alhamdulillah kalau anak-anak suka. 

 #jawatengah #makanbergizigratis #pjgubernurjateng https://t.co/yC3NGQk8Se","hari ini saya mendampingi mas wapres melakukan pengawasan uji coba makan bergizi gratis di smkn semarang anakanak terlihat antusias dengan menu makanan yang diberikanalhamdulillah kalau anakanak suka jawatengah makanbergizigratis pjgubernurjateng",""
"1.86285017569135E+018","Program makan bergizi gratis, solusi nyata untuk keluarga Indonesia! Ayo dukung langkah bersama ini. ð¤â¨

#IndonesiaEmas #PresidenPrabowo #MakanBergiziGratis #bergizigratis #cegahstunting https://t.co/bT2dv7i2Md","program makan bergizi gratis solusi nyata untuk keluarga indonesia ayo dukung langkah bersama ini indonesiaemas presidenprabowo makanbergizigratis bergizigratis cegahstunting",""
"1.86208583269556E+018","Melalui Program Makan Bergizi Gratis, Presiden Prabowo memastikan anak-anak Indonesia mendapatkan asupan gizi terbaik untuk masa depan yang lebih cerah. ð±ðª 

#IndonesiaEmas #PresidenPrabowo #MakanBergiziGratis #bergizigratis #cegahstunting https://t.co/Fx3OWVYVBv","melalui program makan bergizi gratis presiden prabowo memastikan anakanak indonesia mendapatkan asupan gizi terbaik untuk masa depan yang lebih cerah indonesiaemas presidenprabowo makanbergizigratis bergizigratis cegahstunting",""
"1.86067556630075E+018","Makan Bergizi Gratis merupakan investasi besar bangsa Indonesia yang bisa meningkatkan perekonomian dan pengembangan sumber daya manusia Indonesia

#makangratis #makanbergizigratis #programprabowogibran https://t.co/ES2xPFU4Em","makan bergizi gratis merupakan investasi besar bangsa indonesia yang bisa meningkatkan perekonomian dan pengembangan sumber daya manusia indonesia makangratis makanbergizigratis programprabowogibran",""
"1.86067082234996E+018","Masyarakat mulai merasakan manfaat langsung program MBG nih guys âð»

#IndonesiaMaju #PresidenPrabowo #MakanBergiziGratis #MBG #Gibran #AstaCita https://t.co/C7fOrfmEs6","masyarakat mulai merasakan manfaat langsung program mbg nih guys indonesiamaju presidenprabowo makanbergizigratis mbg gibran astacita",""
"1.8623823327639E+018","#makanbergizigratis
Desa melalui BUM Desa harus mampu berperan dalam program makan bergizi gratis, baik sebagai penyedia bahan pokok ataupun makanan siap saji.
@tppkemendes 
@kemendesapdtt https://t.co/Rpb0wQUYti","makanbergizigratis desa melalui bum desa harus mampu berperan dalam program makan bergizi gratis baik sebagai penyedia bahan pokok ataupun makanan siap saji",""
"1.85972239134322E+018","Presiden Prabowo belajar dari brasil untuk wujudkan program makan bergizi gratis

#PresidenPrabowo
#KunjunganLuarNegeri
#MakanBergiziGratis
#IndonesiaEmas https://t.co/xAqm2rWKmE","presiden prabowo belajar dari brasil untuk wujudkan program makan bergizi gratis presidenprabowo kunjunganluarnegeri makanbergizigratis indonesiaemas",""
"1.86067085270418E+018","Masyarakat mulai merasakan manfaat langsung program MBG nih guys âð»

#IndonesiaMaju #PresidenPrabowo #MakanBergiziGratis #MBG #Gibran #AstaCita https://t.co/E8JkdP04B8","masyarakat mulai merasakan manfaat langsung program mbg nih guys indonesiamaju presidenprabowo makanbergizigratis mbg gibran astacita",""
"1.85800617557457E+018","pemikiran lu  seempit bet bg ð  kunker ke LN malah dibilang nmbah utang, dimana2 ngr perlu kerjasama ekonomi bg, ga cuma eko ada hankan dan geopolitik jg. klo pelajaran itu doang lu remed mending jgn nyebar hoax dah #stophoax #hoax #makanbergizigratis https://t.co/WQoykJIFEG","pemikiran lu seempit banget bang kunker ke ln malah dibilang menambah utang dimana ngr perlu kerjasama ekonomi bang enggak cuma eko ada hankan dan geopolitik juga kalo pelajaran itu doang lu remed mending jangan nyebar hoax deh stophoax hoax makanbergizigratis",""
"1.86193294737454E+018","Menteri Erick mengarahkan 8 BUMN untuk mendukung visi Presiden Prabowo dalam mewujudkan generasi unggul yang sehat dan berdaya saing. ð¤â¨

#BUMNuntukIndonesia #MakanBergiziGratis #IndonesiaSehat #PLN #PLNUntukIndonesia #AcceleratingRenewableEnergy https://t.co/wooVC0BawI","menteri erick mengarahkan bumn untuk mendukung visi presiden prabowo dalam mewujudkan generasi unggul yang sehat dan berdaya saing bumnuntukindonesia makanbergizigratis indonesiasehat pln plnuntukindonesia acceleratingrenewableenergy",""
